Negeri,Parlimen / DUN,,,,address,,,,,,
PERLIS,PADANG BESAR / TITI TINGGI,PADANG BESAR , TITI TINGGI,," TITI TINGGI,PERLIS,MALAYSIA",,,," TITI TINGGI,PERLIS,MALAYSIA",6.6639946,100.2375823
PERLIS,PADANG BESAR / BESERI,PADANG BESAR , BESERI,," BESERI,PERLIS,MALAYSIA",,,," BESERI,PERLIS,MALAYSIA",6.5483554,100.2263694
PERLIS,PADANG BESAR / CHUPING,PADANG BESAR , CHUPING,," CHUPING,PERLIS,MALAYSIA",,,," CHUPING,PERLIS,MALAYSIA",6.498538,100.2580229
PERLIS,PADANG BESAR / MATA AYER,PADANG BESAR , MATA AYER,," MATA AYER,PERLIS,MALAYSIA",,,," MATA AYER,PERLIS,MALAYSIA",6.4684325,100.2525215
PERLIS,PADANG BESAR / SANTAN,PADANG BESAR , SANTAN,," SANTAN,PERLIS,MALAYSIA",,,," SANTAN,PERLIS,MALAYSIA",6.4792573,100.2322227
PERLIS,KANGAR / BINTONG,KANGAR , BINTONG,," BINTONG,PERLIS,MALAYSIA",,,," BINTONG,PERLIS,MALAYSIA",6.448974,100.1792514
PERLIS,KANGAR / SENA,KANGAR , SENA,," SENA,PERLIS,MALAYSIA",,,," SENA,PERLIS,MALAYSIA",6.4487941,100.2095525
PERLIS,KANGAR / INDERA KAYANGAN,KANGAR , INDERA KAYANGAN,," INDERA KAYANGAN,PERLIS,MALAYSIA",,,," INDERA KAYANGAN,PERLIS,MALAYSIA",6.4449129,100.2047691
PERLIS,KANGAR / KUALA PERLIS,KANGAR , KUALA PERLIS,," KUALA PERLIS,PERLIS,MALAYSIA",,,," KUALA PERLIS,PERLIS,MALAYSIA",6.397886,100.1306779
PERLIS,KANGAR / KAYANG,KANGAR , KAYANG,," KAYANG,PERLIS,MALAYSIA",,,," KAYANG,PERLIS,MALAYSIA",6.3600964,100.1815316
PERLIS,ARAU / PAUH,ARAU , PAUH,," PAUH,PERLIS,MALAYSIA",,,," PAUH,PERLIS,MALAYSIA",6.43744,100.3022302
PERLIS,ARAU / TAMBUN TULANG,ARAU , TAMBUN TULANG,," TAMBUN TULANG,PERLIS,MALAYSIA",,,," TAMBUN TULANG,PERLIS,MALAYSIA",6.38486,100.2488782
PERLIS,ARAU / GUAR SANJI,ARAU , GUAR SANJI,," GUAR SANJI,PERLIS,MALAYSIA",,,," GUAR SANJI,PERLIS,MALAYSIA",6.421907,100.2748838
PERLIS,ARAU / SIMPANG EMPAT,ARAU , SIMPANG EMPAT,," SIMPANG EMPAT,PERLIS,MALAYSIA",,,," SIMPANG EMPAT,PERLIS,MALAYSIA",6.3326431,100.1585882
PERLIS,ARAU / SANGLANG,ARAU , SANGLANG,," SANGLANG,PERLIS,MALAYSIA",,,," SANGLANG,PERLIS,MALAYSIA",6.2615932,100.1957322
KEDAH,LANGKAWI / AYER HANGAT,LANGKAWI , AYER HANGAT,," AYER HANGAT,KEDAH,MALAYSIA",,,," AYER HANGAT,KEDAH,MALAYSIA",6.4251754,99.8069141
KEDAH,LANGKAWI / KUAH,LANGKAWI , KUAH,," KUAH,KEDAH,MALAYSIA",,,," KUAH,KEDAH,MALAYSIA",6.3270601,99.8395579
KEDAH,JERLUN / KOTA SIPUTEH,JERLUN , KOTA SIPUTEH,," KOTA SIPUTEH,KEDAH,MALAYSIA",,,," KOTA SIPUTEH,KEDAH,MALAYSIA",6.355838,100.3357739
KEDAH,JERLUN / AYER HITAM,JERLUN , AYER HITAM,," AYER HITAM,KEDAH,MALAYSIA",,,," AYER HITAM,KEDAH,MALAYSIA",6.2371042,100.2488492
KEDAH,KUBANG PASU / BUKIT KAYU HITAM,KUBANG PASU , BUKIT KAYU HITAM,," BUKIT KAYU HITAM,KEDAH,MALAYSIA",,,," BUKIT KAYU HITAM,KEDAH,MALAYSIA",6.509743,100.4203912
KEDAH,KUBANG PASU / JITRA,KUBANG PASU , JITRA,," JITRA,KEDAH,MALAYSIA",,,," JITRA,KEDAH,MALAYSIA",6.264421,100.420232
KEDAH,PADANG TERAP / KUALA NERANG,PADANG TERAP , KUALA NERANG,," KUALA NERANG,KEDAH,MALAYSIA",,,," KUALA NERANG,KEDAH,MALAYSIA",6.252835,100.607161
KEDAH,PADANG TERAP / PEDU,PADANG TERAP , PEDU,," PEDU,KEDAH,MALAYSIA",,,," PEDU,KEDAH,MALAYSIA",6.2477357,100.8169307
KEDAH,POKOK SENA / BUKIT LADA,POKOK SENA , BUKIT LADA,," BUKIT LADA,KEDAH,MALAYSIA",,,," BUKIT LADA,KEDAH,MALAYSIA",6.137584,100.5802503
KEDAH,POKOK SENA / BUKIT PINANG,POKOK SENA , BUKIT PINANG,," BUKIT PINANG,KEDAH,MALAYSIA",,,," BUKIT PINANG,KEDAH,MALAYSIA",6.192955,100.4227992
KEDAH,POKOK SENA / DERGA,POKOK SENA , DERGA,," DERGA,KEDAH,MALAYSIA",,,," DERGA,KEDAH,MALAYSIA",6.0784605,100.4003284
KEDAH,ALOR SETAR / SUKA MENANTI,ALOR SETAR , SUKA MENANTI,," SUKA MENANTI,KEDAH,MALAYSIA",,,," SUKA MENANTI,KEDAH,MALAYSIA",6.159732,100.3603469
KEDAH,ALOR SETAR / KOTA DARUL AMAN,ALOR SETAR , KOTA DARUL AMAN,," KOTA DARUL AMAN,KEDAH,MALAYSIA",,,," KOTA DARUL AMAN,KEDAH,MALAYSIA",6.1104745,100.3599361
KEDAH,ALOR SETAR / ALOR MENGKUDU,ALOR SETAR , ALOR MENGKUDU,," ALOR MENGKUDU,KEDAH,MALAYSIA",,,," ALOR MENGKUDU,KEDAH,MALAYSIA",6.090726,100.3775422
KEDAH,KUALA KEDAH / ANAK BUKIT,KUALA KEDAH , ANAK BUKIT,," ANAK BUKIT,KEDAH,MALAYSIA",,,," ANAK BUKIT,KEDAH,MALAYSIA",6.1841035,100.3743535
KEDAH,KUALA KEDAH / KUBANG ROTAN,KUALA KEDAH , KUBANG ROTAN,," KUBANG ROTAN,KEDAH,MALAYSIA",,,," KUBANG ROTAN,KEDAH,MALAYSIA",6.13564,100.30198
KEDAH,KUALA KEDAH / PENGKALAN KUNDOR,KUALA KEDAH , PENGKALAN KUNDOR,," PENGKALAN KUNDOR,KEDAH,MALAYSIA",,,," PENGKALAN KUNDOR,KEDAH,MALAYSIA",6.077681,100.3532281
KEDAH,PENDANG / TOKAI,PENDANG , TOKAI,," TOKAI,KEDAH,MALAYSIA",,,," TOKAI,KEDAH,MALAYSIA",6.012405,100.4084881
KEDAH,PENDANG / SUNGAI TIANG,PENDANG , SUNGAI TIANG,," SUNGAI TIANG,KEDAH,MALAYSIA",,,," SUNGAI TIANG,KEDAH,MALAYSIA",5.991431,100.5927862
KEDAH,JERAI / SUNGAI LIMAU,JERAI , SUNGAI LIMAU,," SUNGAI LIMAU,KEDAH,MALAYSIA",,,," SUNGAI LIMAU,KEDAH,MALAYSIA",5.895741,100.3741279
KEDAH,JERAI / GUAR CHEMPEDAK,JERAI , GUAR CHEMPEDAK,," GUAR CHEMPEDAK,KEDAH,MALAYSIA",,,," GUAR CHEMPEDAK,KEDAH,MALAYSIA",5.85299,100.4601881
KEDAH,JERAI / GURUN,JERAI , GURUN,," GURUN,KEDAH,MALAYSIA",,,," GURUN,KEDAH,MALAYSIA",5.819947,100.4772769
KEDAH,SIK / BELANTEK,SIK , BELANTEK,," BELANTEK,KEDAH,MALAYSIA",,,," BELANTEK,KEDAH,MALAYSIA",6.060561,100.834106
KEDAH,SIK / JENERI,SIK , JENERI,," JENERI,KEDAH,MALAYSIA",,,," JENERI,KEDAH,MALAYSIA",5.891497,100.6535581
KEDAH,MERBOK / BUKIT SELAMBAU,MERBOK , BUKIT SELAMBAU,," BUKIT SELAMBAU,KEDAH,MALAYSIA",,,," BUKIT SELAMBAU,KEDAH,MALAYSIA",5.68186,100.6264508
KEDAH,MERBOK / TANJONG DAWAI,MERBOK , TANJONG DAWAI,," TANJONG DAWAI,KEDAH,MALAYSIA",,,," TANJONG DAWAI,KEDAH,MALAYSIA",5.681869,100.3672091
KEDAH,SUNGAI PETANI / PANTAI MERDEKA,SUNGAI PETANI , PANTAI MERDEKA,," PANTAI MERDEKA,KEDAH,MALAYSIA",,,," PANTAI MERDEKA,KEDAH,MALAYSIA",5.6639685,100.3581733
KEDAH,SUNGAI PETANI / BAKAR ARANG,SUNGAI PETANI , BAKAR ARANG,," BAKAR ARANG,KEDAH,MALAYSIA",,,," BAKAR ARANG,KEDAH,MALAYSIA",5.6279953,100.4776837
KEDAH,SUNGAI PETANI / SIDAM,SUNGAI PETANI , SIDAM,," SIDAM,KEDAH,MALAYSIA",,,," SIDAM,KEDAH,MALAYSIA",5.5813417,100.5858786
KEDAH,BALING / BAYU,BALING , BAYU,," BAYU,KEDAH,MALAYSIA",,,," BAYU,KEDAH,MALAYSIA",5.667214,100.914801
KEDAH,BALING / KUPANG,BALING , KUPANG,," KUPANG,KEDAH,MALAYSIA",,,," KUPANG,KEDAH,MALAYSIA",5.6310341,100.8459315
KEDAH,BALING / KUALA KETIL,BALING , KUALA KETIL,," KUALA KETIL,KEDAH,MALAYSIA",,,," KUALA KETIL,KEDAH,MALAYSIA",5.605181,100.651153
KEDAH,PADANG SERAI / MERBAU PULAS,PADANG SERAI , MERBAU PULAS,," MERBAU PULAS,KEDAH,MALAYSIA",,,," MERBAU PULAS,KEDAH,MALAYSIA",5.557785,100.639219
KEDAH,PADANG SERAI / LUNAS,PADANG SERAI , LUNAS,," LUNAS,KEDAH,MALAYSIA",,,," LUNAS,KEDAH,MALAYSIA",5.423007,100.5375031
KEDAH,KULIM BANDAR BAHARU / KULIM,KULIM BANDAR BAHARU , KULIM,," KULIM,KEDAH,MALAYSIA",,,," KULIM,KEDAH,MALAYSIA",5.3654746,100.5523905
KEDAH,KULIM BANDAR BAHARU / BANDAR BAHARU,KULIM BANDAR BAHARU , BANDAR BAHARU,," BANDAR BAHARU,KEDAH,MALAYSIA",,,," BANDAR BAHARU,KEDAH,MALAYSIA",5.131163,100.495534
KELANTAN,TUMPAT / PENGKALAN KUBOR,TUMPAT , PENGKALAN KUBOR,," PENGKALAN KUBOR,KELANTAN,MALAYSIA",,,," PENGKALAN KUBOR,KELANTAN,MALAYSIA",6.1991001,102.0889679
KELANTAN,TUMPAT / KELABORAN,TUMPAT , KELABORAN,," KELABORAN,KELANTAN,MALAYSIA",,,," KELABORAN,KELANTAN,MALAYSIA",6.188894,102.159403
KELANTAN,TUMPAT / PASIR PEKAN,TUMPAT , PASIR PEKAN,," PASIR PEKAN,KELANTAN,MALAYSIA",,,," PASIR PEKAN,KELANTAN,MALAYSIA",6.119312,102.221451
KELANTAN,TUMPAT / WAKAF BHARU,TUMPAT , WAKAF BHARU,," WAKAF BHARU,KELANTAN,MALAYSIA",,,," WAKAF BHARU,KELANTAN,MALAYSIA",6.118858,102.1987148
KELANTAN,PENGKALAN CHEPA / KIJANG,PENGKALAN CHEPA , KIJANG,," KIJANG,KELANTAN,MALAYSIA",,,," KIJANG,KELANTAN,MALAYSIA",6.1854621,102.2642881
KELANTAN,PENGKALAN CHEPA / CHEMPAKA,PENGKALAN CHEPA , CHEMPAKA,," CHEMPAKA,KELANTAN,MALAYSIA",,,," CHEMPAKA,KELANTAN,MALAYSIA",6.1339072,102.2555678
KELANTAN,PENGKALAN CHEPA / PANCHOR,PENGKALAN CHEPA , PANCHOR,," PANCHOR,KELANTAN,MALAYSIA",,,," PANCHOR,KELANTAN,MALAYSIA",6.1359881,102.3047498
KELANTAN,KOTA BAHRU / TANJONG MAS,KOTA BAHRU , TANJONG MAS,," TANJONG MAS,KELANTAN,MALAYSIA",,,," TANJONG MAS,KELANTAN,MALAYSIA",6.1450914,102.258983
KELANTAN,KOTA BAHRU / KOTA LAMA,KOTA BAHRU , KOTA LAMA,," KOTA LAMA,KELANTAN,MALAYSIA",,,," KOTA LAMA,KELANTAN,MALAYSIA",6.1203812,102.2346242
KELANTAN,KOTA BAHRU / BUNUT PAYONG,KOTA BAHRU , BUNUT PAYONG,," BUNUT PAYONG,KELANTAN,MALAYSIA",,,," BUNUT PAYONG,KELANTAN,MALAYSIA",6.099414,102.2412089
KELANTAN,PASIR MAS / TENDONG,PASIR MAS , TENDONG,," TENDONG,KELANTAN,MALAYSIA",,,," TENDONG,KELANTAN,MALAYSIA",6.0563379,102.2131784
KELANTAN,PASIR MAS / PENGKALAN PASIR,PASIR MAS , PENGKALAN PASIR,," PENGKALAN PASIR,KELANTAN,MALAYSIA",,,," PENGKALAN PASIR,KELANTAN,MALAYSIA",6.0411195,102.1964115
KELANTAN,PASIR MAS / MERANTI,PASIR MAS , MERANTI,," MERANTI,KELANTAN,MALAYSIA",,,," MERANTI,KELANTAN,MALAYSIA",6.0727621,102.1316
KELANTAN,RANTAU PANJANG / CHETOK,RANTAU PANJANG , CHETOK,," CHETOK,KELANTAN,MALAYSIA",,,," CHETOK,KELANTAN,MALAYSIA",5.9210311,102.1869891
KELANTAN,RANTAU PANJANG / GUAL PERIOK,RANTAU PANJANG , GUAL PERIOK,," GUAL PERIOK,KELANTAN,MALAYSIA",,,," GUAL PERIOK,KELANTAN,MALAYSIA",5.9974085,102.0489791
KELANTAN,RANTAU PANJANG / APAM PUTRA,RANTAU PANJANG , APAM PUTRA,," APAM PUTRA,KELANTAN,MALAYSIA",,,," APAM PUTRA,KELANTAN,MALAYSIA",6.0073138,102.0973157
KELANTAN,KUBANG KERIAN / SALOR,KUBANG KERIAN , SALOR,," SALOR,KELANTAN,MALAYSIA",,,," SALOR,KELANTAN,MALAYSIA",6.0307752,102.1804261
KELANTAN,KUBANG KERIAN / PASIR TUMBOH,KUBANG KERIAN , PASIR TUMBOH,," PASIR TUMBOH,KELANTAN,MALAYSIA",,,," PASIR TUMBOH,KELANTAN,MALAYSIA",6.0548393,102.2902223
KELANTAN,KUBANG KERIAN / DEMIT,KUBANG KERIAN , DEMIT,," DEMIT,KELANTAN,MALAYSIA",,,," DEMIT,KELANTAN,MALAYSIA",6.1104125,102.2846594
KELANTAN,BACHOK / TAWANG,BACHOK , TAWANG,," TAWANG,KELANTAN,MALAYSIA",,,," TAWANG,KELANTAN,MALAYSIA",6.0476558,102.394478
KELANTAN,BACHOK / PANTAI IRAMA,BACHOK , PANTAI IRAMA,," PANTAI IRAMA,KELANTAN,MALAYSIA",,,," PANTAI IRAMA,KELANTAN,MALAYSIA",6.0711111,102.3977778
KELANTAN,BACHOK / JELAWAT,BACHOK , JELAWAT,," JELAWAT,KELANTAN,MALAYSIA",,,," JELAWAT,KELANTAN,MALAYSIA",6.011487,102.3747682
KELANTAN,KETEREH / MELOR,KETEREH , MELOR,," MELOR,KELANTAN,MALAYSIA",,,," MELOR,KELANTAN,MALAYSIA",5.963859,102.2953889
KELANTAN,KETEREH / KADOK,KETEREH , KADOK,," KADOK,KELANTAN,MALAYSIA",,,," KADOK,KELANTAN,MALAYSIA",5.994186,102.242201
KELANTAN,KETEREH / KOK LANAS,KETEREH , KOK LANAS,," KOK LANAS,KELANTAN,MALAYSIA",,,," KOK LANAS,KELANTAN,MALAYSIA",5.913658,102.245072
KELANTAN,TANAH MERAH / BUKIT PANAU,TANAH MERAH , BUKIT PANAU,," BUKIT PANAU,KELANTAN,MALAYSIA",,,," BUKIT PANAU,KELANTAN,MALAYSIA",5.8941667,102.1752778
KELANTAN,TANAH MERAH / GUAL IPOH,TANAH MERAH , GUAL IPOH,," GUAL IPOH,KELANTAN,MALAYSIA",,,," GUAL IPOH,KELANTAN,MALAYSIA",5.7468085,102.0531888
KELANTAN,TANAH MERAH / KEMAHANG ,TANAH MERAH , KEMAHANG ,," KEMAHANG ,KELANTAN,MALAYSIA",,,," KEMAHANG ,KELANTAN,MALAYSIA",5.8053498,102.0061567
KELANTAN,PASIR PUTIH / SELISING,PASIR PUTIH , SELISING,," SELISING,KELANTAN,MALAYSIA",,,," SELISING,KELANTAN,MALAYSIA",5.894192,102.334999
KELANTAN,PASIR PUTIH / LIMBONGAN,PASIR PUTIH , LIMBONGAN,," LIMBONGAN,KELANTAN,MALAYSIA",,,," LIMBONGAN,KELANTAN,MALAYSIA",5.8289519,102.409403
KELANTAN,PASIR PUTIH / SEMERAK,PASIR PUTIH , SEMERAK,," SEMERAK,KELANTAN,MALAYSIA",,,," SEMERAK,KELANTAN,MALAYSIA",5.8639645,102.4609873
KELANTAN,PASIR PUTIH / GAAL,PASIR PUTIH , GAAL,," GAAL,KELANTAN,MALAYSIA",,,," GAAL,KELANTAN,MALAYSIA",5.7933502,102.3896947
KELANTAN,MACHANG / PULAI CHONDONG,MACHANG , PULAI CHONDONG,," PULAI CHONDONG,KELANTAN,MALAYSIA",,,," PULAI CHONDONG,KELANTAN,MALAYSIA",5.8796603,102.220463
KELANTAN,MACHANG / TEMANGAN,MACHANG , TEMANGAN,," TEMANGAN,KELANTAN,MALAYSIA",,,," TEMANGAN,KELANTAN,MALAYSIA",5.701914,102.15108
KELANTAN,MACHANG / KEMUNING ,MACHANG , KEMUNING ,," KEMUNING ,KELANTAN,MALAYSIA",,,," KEMUNING ,KELANTAN,MALAYSIA",5.744102,102.218715
KELANTAN,JELI / BUKIT BUNGA,JELI , BUKIT BUNGA,," BUKIT BUNGA,KELANTAN,MALAYSIA",,,," BUKIT BUNGA,KELANTAN,MALAYSIA",5.835058,101.9012749
KELANTAN,JELI / AIR LANAS,JELI , AIR LANAS,," AIR LANAS,KELANTAN,MALAYSIA",,,," AIR LANAS,KELANTAN,MALAYSIA",5.779066,101.8881
KELANTAN,JELI / KUALA BALAH,JELI , KUALA BALAH,," KUALA BALAH,KELANTAN,MALAYSIA",,,," KUALA BALAH,KELANTAN,MALAYSIA",5.446771,101.9107372
KELANTAN,KUALA KRAI / MENGKEBANG,KUALA KRAI , MENGKEBANG,," MENGKEBANG,KELANTAN,MALAYSIA",,,," MENGKEBANG,KELANTAN,MALAYSIA",5.5600441,102.2090224
KELANTAN,KUALA KRAI / GUCHIL,KUALA KRAI , GUCHIL,," GUCHIL,KELANTAN,MALAYSIA",,,," GUCHIL,KELANTAN,MALAYSIA",5.548935,102.198366
KELANTAN,KUALA KRAI / MANEK URAI,KUALA KRAI , MANEK URAI,," MANEK URAI,KELANTAN,MALAYSIA",,,," MANEK URAI,KELANTAN,MALAYSIA",5.3879944,102.2337213
KELANTAN,KUALA KRAI / DABONG,KUALA KRAI , DABONG,," DABONG,KELANTAN,MALAYSIA",,,," DABONG,KELANTAN,MALAYSIA",5.376864,102.009802
KELANTAN,GUA MUSANG / NENGGIRI,GUA MUSANG , NENGGIRI,," NENGGIRI,KELANTAN,MALAYSIA",,,," NENGGIRI,KELANTAN,MALAYSIA",6.1253969,102.238071
KELANTAN,GUA MUSANG / PALOH,GUA MUSANG , PALOH,," PALOH,KELANTAN,MALAYSIA",,,," PALOH,KELANTAN,MALAYSIA",4.8034464,101.9224072
KELANTAN,GUA MUSANG / GALAS,GUA MUSANG , GALAS,," GALAS,KELANTAN,MALAYSIA",,,," GALAS,KELANTAN,MALAYSIA",4.8289236,101.9348069
TERENGGANU,BESUT / KUALA BESUT,BESUT , KUALA BESUT,," KUALA BESUT,TERENGGANU,MALAYSIA",,,," KUALA BESUT,TERENGGANU,MALAYSIA",5.829012,102.5523781
TERENGGANU,BESUT / KOTA PUTERA,BESUT , KOTA PUTERA,," KOTA PUTERA,TERENGGANU,MALAYSIA",,,," KOTA PUTERA,TERENGGANU,MALAYSIA",5.803724,102.5905043
TERENGGANU,BESUT / JERTIH,BESUT , JERTIH,," JERTIH,TERENGGANU,MALAYSIA",,,," JERTIH,TERENGGANU,MALAYSIA",5.737589,102.494898
TERENGGANU,BESUT / HULU BESUT,BESUT , HULU BESUT,," HULU BESUT,TERENGGANU,MALAYSIA",,,," HULU BESUT,TERENGGANU,MALAYSIA",5.4720693,102.4839212
TERENGGANU,SETIU / JABI,SETIU , JABI,," JABI,TERENGGANU,MALAYSIA",,,," JABI,TERENGGANU,MALAYSIA",5.6546263,102.5986597
TERENGGANU,SETIU / PERMAISURI,SETIU , PERMAISURI,," PERMAISURI,TERENGGANU,MALAYSIA",,,," PERMAISURI,TERENGGANU,MALAYSIA",5.521295,102.747253
TERENGGANU,SETIU / LANGKAP,SETIU , LANGKAP,," LANGKAP,TERENGGANU,MALAYSIA",,,," LANGKAP,TERENGGANU,MALAYSIA",5.3702215,102.823904
TERENGGANU,SETIU / BATU RAKIT,SETIU , BATU RAKIT,," BATU RAKIT,TERENGGANU,MALAYSIA",,,," BATU RAKIT,TERENGGANU,MALAYSIA",5.4402422,103.0126523
TERENGGANU,KUALA NERUS / TEPUH,KUALA NERUS , TEPUH,," TEPUH,TERENGGANU,MALAYSIA",,,," TEPUH,TERENGGANU,MALAYSIA",5.3552819,103.0616874
TERENGGANU,KUALA NERUS / BULUH GADING,KUALA NERUS , BULUH GADING,," BULUH GADING,TERENGGANU,MALAYSIA",,,," BULUH GADING,TERENGGANU,MALAYSIA",5.335983,103.0906289
TERENGGANU,KUALA NERUS / SEBERANG TAKIR,KUALA NERUS , SEBERANG TAKIR,," SEBERANG TAKIR,TERENGGANU,MALAYSIA",,,," SEBERANG TAKIR,TERENGGANU,MALAYSIA",5.346331,103.128502
TERENGGANU,KUALA NERUS / BUKIT TUNGGAL,KUALA NERUS , BUKIT TUNGGAL,," BUKIT TUNGGAL,TERENGGANU,MALAYSIA",,,," BUKIT TUNGGAL,TERENGGANU,MALAYSIA",5.335267,103.1056351
TERENGGANU,KUALA TERENGGANU / WAKAF MEMPELAM,KUALA TERENGGANU , WAKAF MEMPELAM,," WAKAF MEMPELAM,TERENGGANU,MALAYSIA",,,," WAKAF MEMPELAM,TERENGGANU,MALAYSIA",5.286522,103.112158
TERENGGANU,KUALA TERENGGANU / BANDAR,KUALA TERENGGANU , BANDAR,," BANDAR,TERENGGANU,MALAYSIA",,,," BANDAR,TERENGGANU,MALAYSIA",5.3325937,103.142318
TERENGGANU,KUALA TERENGGANU / LADANG,KUALA TERENGGANU , LADANG,," LADANG,TERENGGANU,MALAYSIA",,,," LADANG,TERENGGANU,MALAYSIA",5.3275701,103.1476686
TERENGGANU,KUALA TERENGGANU / BATU BURUK,KUALA TERENGGANU , BATU BURUK,," BATU BURUK,TERENGGANU,MALAYSIA",,,," BATU BURUK,TERENGGANU,MALAYSIA",5.311918,103.1538504
TERENGGANU,MARANG / ALUR LIMBAT,MARANG , ALUR LIMBAT,," ALUR LIMBAT,TERENGGANU,MALAYSIA",,,," ALUR LIMBAT,TERENGGANU,MALAYSIA",5.2040123,103.0702646
TERENGGANU,MARANG / BUKIT PAYUNG,MARANG , BUKIT PAYUNG,," BUKIT PAYUNG,TERENGGANU,MALAYSIA",,,," BUKIT PAYUNG,TERENGGANU,MALAYSIA",5.2237579,103.1074781
TERENGGANU,MARANG / RU RENDANG,MARANG , RU RENDANG,," RU RENDANG,TERENGGANU,MALAYSIA",,,," RU RENDANG,TERENGGANU,MALAYSIA",5.219203,103.199801
TERENGGANU,MARANG / PENGKALAN BERANGAN,MARANG , PENGKALAN BERANGAN,," PENGKALAN BERANGAN,TERENGGANU,MALAYSIA",,,," PENGKALAN BERANGAN,TERENGGANU,MALAYSIA",5.1066815,103.1412048
TERENGGANU,HULU TERENGGANU / TELEMUNG,HULU TERENGGANU , TELEMUNG,," TELEMUNG,TERENGGANU,MALAYSIA",,,," TELEMUNG,TERENGGANU,MALAYSIA",5.2049772,103.0241726
TERENGGANU,HULU TERENGGANU / MANIR,HULU TERENGGANU , MANIR,," MANIR,TERENGGANU,MALAYSIA",,,," MANIR,TERENGGANU,MALAYSIA",5.3110361,103.0760273
TERENGGANU,HULU TERENGGANU / KUALA BERANG,HULU TERENGGANU , KUALA BERANG,," KUALA BERANG,TERENGGANU,MALAYSIA",,,," KUALA BERANG,TERENGGANU,MALAYSIA",5.073837,103.0127029
TERENGGANU,HULU TERENGGANU / AJIL,HULU TERENGGANU , AJIL,," AJIL,TERENGGANU,MALAYSIA",,,," AJIL,TERENGGANU,MALAYSIA",5.084738,103.088047
TERENGGANU,DUNGUN / BUKIT BESI,DUNGUN , BUKIT BESI,," BUKIT BESI,TERENGGANU,MALAYSIA",,,," BUKIT BESI,TERENGGANU,MALAYSIA",4.750015,103.1967439
TERENGGANU,DUNGUN / RANTAU ABANG,DUNGUN , RANTAU ABANG,," RANTAU ABANG,TERENGGANU,MALAYSIA",,,," RANTAU ABANG,TERENGGANU,MALAYSIA",4.864542,103.3932989
TERENGGANU,DUNGUN / SURA,DUNGUN , SURA,," SURA,TERENGGANU,MALAYSIA",,,," SURA,TERENGGANU,MALAYSIA",4.7303458,103.416501
TERENGGANU,DUNGUN / PAKA,DUNGUN , PAKA,," PAKA,TERENGGANU,MALAYSIA",,,," PAKA,TERENGGANU,MALAYSIA",4.626581,103.4399588
TERENGGANU,KEMAMAN / KEMASIK,KEMAMAN , KEMASIK,," KEMASIK,TERENGGANU,MALAYSIA",,,," KEMASIK,TERENGGANU,MALAYSIA",4.455698,103.4416688
TERENGGANU,KEMAMAN / KIJAL,KEMAMAN , KIJAL,," KIJAL,TERENGGANU,MALAYSIA",,,," KIJAL,TERENGGANU,MALAYSIA",4.334963,103.480079
TERENGGANU,KEMAMAN / CUKAI,KEMAMAN , CUKAI,," CUKAI,TERENGGANU,MALAYSIA",,,," CUKAI,TERENGGANU,MALAYSIA",4.231592,103.4253518
TERENGGANU,KEMAMAN / AIR PUTIH,KEMAMAN , AIR PUTIH,," AIR PUTIH,TERENGGANU,MALAYSIA",,,," AIR PUTIH,TERENGGANU,MALAYSIA",4.268486,103.2138659
PULAU PINANG,KEPALA BATAS / PENAGA,KEPALA BATAS , PENAGA,," PENAGA,PULAU PINANG,MALAYSIA",,,," PENAGA,PULAU PINANG,MALAYSIA",5.523457,100.3811558
PULAU PINANG,KEPALA BATAS / BERTAM,KEPALA BATAS , BERTAM,," BERTAM,PULAU PINANG,MALAYSIA",,,," BERTAM,PULAU PINANG,MALAYSIA",5.517235,100.4314871
PULAU PINANG,KEPALA BATAS / PINANG TUNGGAL,KEPALA BATAS , PINANG TUNGGAL,," PINANG TUNGGAL,PULAU PINANG,MALAYSIA",,,," PINANG TUNGGAL,PULAU PINANG,MALAYSIA",5.5829632,100.4958678
PULAU PINANG,TASEK GELUGOR / PERMATANG BERANGAN,TASEK GELUGOR , PERMATANG BERANGAN,," PERMATANG BERANGAN,PULAU PINANG,MALAYSIA",,,," PERMATANG BERANGAN,PULAU PINANG,MALAYSIA",5.4841386,100.4877846
PULAU PINANG,TASEK GELUGOR / SUNGAI DUA,TASEK GELUGOR , SUNGAI DUA,," SUNGAI DUA,PULAU PINANG,MALAYSIA",,,," SUNGAI DUA,PULAU PINANG,MALAYSIA",5.3450485,100.2958346
PULAU PINANG,TASEK GELUGOR / TELOK AYER TAWAR,TASEK GELUGOR , TELOK AYER TAWAR,," TELOK AYER TAWAR,PULAU PINANG,MALAYSIA",,,," TELOK AYER TAWAR,PULAU PINANG,MALAYSIA",5.48489,100.384
PULAU PINANG,BAGAN / SUNGAI PUYU,BAGAN , SUNGAI PUYU,," SUNGAI PUYU,PULAU PINANG,MALAYSIA",,,," SUNGAI PUYU,PULAU PINANG,MALAYSIA",5.4496662,100.3968179
PULAU PINANG,BAGAN / BAGAN JERMAL,BAGAN , BAGAN JERMAL,," BAGAN JERMAL,PULAU PINANG,MALAYSIA",,,," BAGAN JERMAL,PULAU PINANG,MALAYSIA",5.414818,100.372504
PULAU PINANG,BAGAN / BAGAN DALAM,BAGAN , BAGAN DALAM,," BAGAN DALAM,PULAU PINANG,MALAYSIA",,,," BAGAN DALAM,PULAU PINANG,MALAYSIA",5.394903,100.3707112
PULAU PINANG,PERMATANG PAUH / SEBERANG JAYA,PERMATANG PAUH , SEBERANG JAYA,," SEBERANG JAYA,PULAU PINANG,MALAYSIA",,,," SEBERANG JAYA,PULAU PINANG,MALAYSIA",5.4012631,100.39752
PULAU PINANG,PERMATANG PAUH / PERMATANG PASIR,PERMATANG PAUH , PERMATANG PASIR,," PERMATANG PASIR,PULAU PINANG,MALAYSIA",,,," PERMATANG PASIR,PULAU PINANG,MALAYSIA",5.412924,100.4412488
PULAU PINANG,PERMATANG PAUH / PENANTI,PERMATANG PAUH , PENANTI,," PENANTI,PULAU PINANG,MALAYSIA",,,," PENANTI,PULAU PINANG,MALAYSIA",5.4045903,100.4636386
PULAU PINANG,BUKIT MERTAJAM / BERAPIT,BUKIT MERTAJAM , BERAPIT,," BERAPIT,PULAU PINANG,MALAYSIA",,,," BERAPIT,PULAU PINANG,MALAYSIA",5.3859319,100.481036
PULAU PINANG,BUKIT MERTAJAM / MACHANG BUBUK,BUKIT MERTAJAM , MACHANG BUBUK,," MACHANG BUBUK,PULAU PINANG,MALAYSIA",,,," MACHANG BUBUK,PULAU PINANG,MALAYSIA",5.3342777,100.5078173
PULAU PINANG,BUKIT MERTAJAM / PADANG LALANG,BUKIT MERTAJAM , PADANG LALANG,," PADANG LALANG,PULAU PINANG,MALAYSIA",,,," PADANG LALANG,PULAU PINANG,MALAYSIA",5.288783,100.5127229
PULAU PINANG,BATU KAWAN / PERAI,BATU KAWAN , PERAI,," PERAI,PULAU PINANG,MALAYSIA",,,," PERAI,PULAU PINANG,MALAYSIA",5.377294,100.4001458
PULAU PINANG,BATU KAWAN / BUKIT TENGAH,BATU KAWAN , BUKIT TENGAH,," BUKIT TENGAH,PULAU PINANG,MALAYSIA",,,," BUKIT TENGAH,PULAU PINANG,MALAYSIA",5.345022,100.464203
PULAU PINANG,BATU KAWAN / BUKIT TAMBUN,BATU KAWAN , BUKIT TAMBUN,," BUKIT TAMBUN,PULAU PINANG,MALAYSIA",,,," BUKIT TAMBUN,PULAU PINANG,MALAYSIA",5.267811,100.459777
PULAU PINANG,NIBONG TEBAL / JAWI,NIBONG TEBAL , JAWI,," JAWI,PULAU PINANG,MALAYSIA",,,," JAWI,PULAU PINANG,MALAYSIA",5.207162,100.500286
PULAU PINANG,NIBONG TEBAL / SUNGAI BAKAP,NIBONG TEBAL , SUNGAI BAKAP,," SUNGAI BAKAP,PULAU PINANG,MALAYSIA",,,," SUNGAI BAKAP,PULAU PINANG,MALAYSIA",5.226061,100.4948269
PULAU PINANG,NIBONG TEBAL / SUNGAI ACHEH,NIBONG TEBAL , SUNGAI ACHEH,," SUNGAI ACHEH,PULAU PINANG,MALAYSIA",,,," SUNGAI ACHEH,PULAU PINANG,MALAYSIA",5.1359936,100.4347051
PULAU PINANG,BUKIT BENDERA / TANJONG BUNGA,BUKIT BENDERA , TANJONG BUNGA,," TANJONG BUNGA,PULAU PINANG,MALAYSIA",,,," TANJONG BUNGA,PULAU PINANG,MALAYSIA",5.465118,100.2822098
PULAU PINANG,BUKIT BENDERA / AIR PUTIH,BUKIT BENDERA , AIR PUTIH,," AIR PUTIH,PULAU PINANG,MALAYSIA",,,," AIR PUTIH,PULAU PINANG,MALAYSIA",5.365175,100.216886
PULAU PINANG,BUKIT BENDERA / KEBUN BUNGA,BUKIT BENDERA , KEBUN BUNGA,," KEBUN BUNGA,PULAU PINANG,MALAYSIA",,,," KEBUN BUNGA,PULAU PINANG,MALAYSIA",5.434383,100.2951006
PULAU PINANG,BUKIT BENDERA / PULAU TIKUS,BUKIT BENDERA , PULAU TIKUS,," PULAU TIKUS,PULAU PINANG,MALAYSIA",,,," PULAU TIKUS,PULAU PINANG,MALAYSIA",5.427407,100.308443
PULAU PINANG,TANJONG / PADANG KOTA,TANJONG , PADANG KOTA,," PADANG KOTA,PULAU PINANG,MALAYSIA",,,," PADANG KOTA,PULAU PINANG,MALAYSIA",5.421178,100.3421453
PULAU PINANG,TANJONG / PENGKALAN KOTA,TANJONG , PENGKALAN KOTA,," PENGKALAN KOTA,PULAU PINANG,MALAYSIA",,,," PENGKALAN KOTA,PULAU PINANG,MALAYSIA",5.421178,100.3421453
PULAU PINANG,TANJONG / KOMTAR,TANJONG , KOMTAR,," KOMTAR,PULAU PINANG,MALAYSIA",,,," KOMTAR,PULAU PINANG,MALAYSIA",5.4139579,100.3311548
PULAU PINANG,JELUTONG / DATOK KERAMAT,JELUTONG , DATOK KERAMAT,," DATOK KERAMAT,PULAU PINANG,MALAYSIA",,,," DATOK KERAMAT,PULAU PINANG,MALAYSIA",5.4125175,100.3204298
PULAU PINANG,JELUTONG / SUNGAI PINANG,JELUTONG , SUNGAI PINANG,," SUNGAI PINANG,PULAU PINANG,MALAYSIA",,,," SUNGAI PINANG,PULAU PINANG,MALAYSIA",5.405573,100.3231519
PULAU PINANG,JELUTONG / BATU LANCANG,JELUTONG , BATU LANCANG,," BATU LANCANG,PULAU PINANG,MALAYSIA",,,," BATU LANCANG,PULAU PINANG,MALAYSIA",5.388728,100.308087
PULAU PINANG,BUKIT GELUGOR / SERI DELIMA,BUKIT GELUGOR , SERI DELIMA,," SERI DELIMA,PULAU PINANG,MALAYSIA",,,," SERI DELIMA,PULAU PINANG,MALAYSIA",5.320333,100.4350579
PULAU PINANG,BUKIT GELUGOR / AIR ITAM,BUKIT GELUGOR , AIR ITAM,," AIR ITAM,PULAU PINANG,MALAYSIA",,,," AIR ITAM,PULAU PINANG,MALAYSIA",5.402693,100.2782329
PULAU PINANG,BUKIT GELUGOR / PAYA TERUBONG,BUKIT GELUGOR , PAYA TERUBONG,," PAYA TERUBONG,PULAU PINANG,MALAYSIA",,,," PAYA TERUBONG,PULAU PINANG,MALAYSIA",5.373954,100.2777908
PULAU PINANG,BAYAN BARU / BATU UBAN,BAYAN BARU , BATU UBAN,," BATU UBAN,PULAU PINANG,MALAYSIA",,,," BATU UBAN,PULAU PINANG,MALAYSIA",5.353237,100.3094809
PULAU PINANG,BAYAN BARU / PANTAI JEREJAK,BAYAN BARU , PANTAI JEREJAK,," PANTAI JEREJAK,PULAU PINANG,MALAYSIA",,,," PANTAI JEREJAK,PULAU PINANG,MALAYSIA",5.342123,100.3032698
PULAU PINANG,BAYAN BARU / BATU MAUNG,BAYAN BARU , BATU MAUNG,," BATU MAUNG,PULAU PINANG,MALAYSIA",,,," BATU MAUNG,PULAU PINANG,MALAYSIA",5.28548,100.2863948
PULAU PINANG,BALIK PULAU / BAYAN LEPAS,BALIK PULAU , BAYAN LEPAS,," BAYAN LEPAS,PULAU PINANG,MALAYSIA",,,," BAYAN LEPAS,PULAU PINANG,MALAYSIA",5.294464,100.2593272
PULAU PINANG,BALIK PULAU / PULAU BETONG,BALIK PULAU , PULAU BETONG,," PULAU BETONG,PULAU PINANG,MALAYSIA",,,," PULAU BETONG,PULAU PINANG,MALAYSIA",5.308322,100.2048908
PULAU PINANG,BALIK PULAU / TELOK BAHANG,BALIK PULAU , TELOK BAHANG,," TELOK BAHANG,PULAU PINANG,MALAYSIA",,,," TELOK BAHANG,PULAU PINANG,MALAYSIA",5.457317,100.213573
PERAK,GERIK / PENGKALAN HULU ,GERIK , PENGKALAN HULU ,," PENGKALAN HULU ,PERAK,MALAYSIA",,,," PENGKALAN HULU ,PERAK,MALAYSIA",5.70644,100.9998371
PERAK,GERIK / TEMENGOR,GERIK , TEMENGOR,," TEMENGOR,PERAK,MALAYSIA",,,," TEMENGOR,PERAK,MALAYSIA",5.333186,101.367712
PERAK,LENGGONG / KENERING,LENGGONG , KENERING,," KENERING,PERAK,MALAYSIA",,,," KENERING,PERAK,MALAYSIA",5.3151161,101.048549
PERAK,LENGGONG / KOTA TAMPAN,LENGGONG , KOTA TAMPAN,," KOTA TAMPAN,PERAK,MALAYSIA",,,," KOTA TAMPAN,PERAK,MALAYSIA",5.0549927,100.9615804
PERAK,LARUT / SELAMA,LARUT , SELAMA,," SELAMA,PERAK,MALAYSIA",,,," SELAMA,PERAK,MALAYSIA",4.8547216,100.743609
PERAK,LARUT / KUBU GAJAH,LARUT , KUBU GAJAH,," KUBU GAJAH,PERAK,MALAYSIA",,,," KUBU GAJAH,PERAK,MALAYSIA",5.162266,100.6775219
PERAK,LARUT / BATU KURAU,LARUT , BATU KURAU,," BATU KURAU,PERAK,MALAYSIA",,,," BATU KURAU,PERAK,MALAYSIA",4.97536,100.7976082
PERAK,PARIT BUNTAR / TITI SERONG,PARIT BUNTAR , TITI SERONG,," TITI SERONG,PERAK,MALAYSIA",,,," TITI SERONG,PERAK,MALAYSIA",5.104932,100.4674079
PERAK,PARIT BUNTAR / KUALA KURAU,PARIT BUNTAR , KUALA KURAU,," KUALA KURAU,PERAK,MALAYSIA",,,," KUALA KURAU,PERAK,MALAYSIA",5.016441,100.431796
PERAK,BAGAN SERAI / ALOR PONGSU,BAGAN SERAI , ALOR PONGSU,," ALOR PONGSU,PERAK,MALAYSIA",,,," ALOR PONGSU,PERAK,MALAYSIA",5.05201,100.5871691
PERAK,BAGAN SERAI / GUNONG SEMANGGOL,BAGAN SERAI , GUNONG SEMANGGOL,," GUNONG SEMANGGOL,PERAK,MALAYSIA",,,," GUNONG SEMANGGOL,PERAK,MALAYSIA",4.95,100.6666667
PERAK,BAGAN SERAI / SELINSING,BAGAN SERAI , SELINSING,," SELINSING,PERAK,MALAYSIA",,,," SELINSING,PERAK,MALAYSIA",4.9133503,100.5521142
PERAK,BUKIT GANTANG / KUALA SEPETANG,BUKIT GANTANG , KUALA SEPETANG,," KUALA SEPETANG,PERAK,MALAYSIA",,,," KUALA SEPETANG,PERAK,MALAYSIA",4.838438,100.6309462
PERAK,BUKIT GANTANG / CHANGKAT JERING,BUKIT GANTANG , CHANGKAT JERING,," CHANGKAT JERING,PERAK,MALAYSIA",,,," CHANGKAT JERING,PERAK,MALAYSIA",4.787028,100.7225842
PERAK,BUKIT GANTANG / TRONG,BUKIT GANTANG , TRONG,," TRONG,PERAK,MALAYSIA",,,," TRONG,PERAK,MALAYSIA",4.712316,100.7195108
PERAK,TAIPING / KAMUNTING,TAIPING , KAMUNTING,," KAMUNTING,PERAK,MALAYSIA",,,," KAMUNTING,PERAK,MALAYSIA",4.887377,100.730974
PERAK,TAIPING / POKOK ASSAM,TAIPING , POKOK ASSAM,," POKOK ASSAM,PERAK,MALAYSIA",,,," POKOK ASSAM,PERAK,MALAYSIA",4.833713,100.7423489
PERAK,TAIPING / AULONG,TAIPING , AULONG,," AULONG,PERAK,MALAYSIA",,,," AULONG,PERAK,MALAYSIA",4.8456571,100.7134196
PERAK,PADANG RENGAS / CHENDEROH,PADANG RENGAS , CHENDEROH,," CHENDEROH,PERAK,MALAYSIA",,,," CHENDEROH,PERAK,MALAYSIA",4.9718856,100.9595074
PERAK,PADANG RENGAS / LUBOK MERBAU,PADANG RENGAS , LUBOK MERBAU,," LUBOK MERBAU,PERAK,MALAYSIA",,,," LUBOK MERBAU,PERAK,MALAYSIA",4.8366238,100.8790171
PERAK,SUNGAI SIPUT / LINTANG,SUNGAI SIPUT , LINTANG,," LINTANG,PERAK,MALAYSIA",,,," LINTANG,PERAK,MALAYSIA",4.8299762,101.081329
PERAK,SUNGAI SIPUT / JALONG,SUNGAI SIPUT , JALONG,," JALONG,PERAK,MALAYSIA",,,," JALONG,PERAK,MALAYSIA",4.829044,101.1429079
PERAK,TAMBUN / MANJOI,TAMBUN , MANJOI,," MANJOI,PERAK,MALAYSIA",,,," MANJOI,PERAK,MALAYSIA",4.615473,101.0696969
PERAK,TAMBUN / HULU KINTA,TAMBUN , HULU KINTA,," HULU KINTA,PERAK,MALAYSIA",,,," HULU KINTA,PERAK,MALAYSIA",4.6786243,101.207047
PERAK,IPOH TIMUR / CANNING,IPOH TIMUR , CANNING,," CANNING,PERAK,MALAYSIA",,,," CANNING,PERAK,MALAYSIA",4.6028211,101.1117854
PERAK,IPOH TIMUR / TEBING TINGGI,IPOH TIMUR , TEBING TINGGI,," TEBING TINGGI,PERAK,MALAYSIA",,,," TEBING TINGGI,PERAK,MALAYSIA",4.367797,101.1346711
PERAK,IPOH TIMUR / PASIR PINJI,IPOH TIMUR , PASIR PINJI,," PASIR PINJI,PERAK,MALAYSIA",,,," PASIR PINJI,PERAK,MALAYSIA",4.5804858,101.0849951
PERAK,IPOH BARAT / BERCHAM,IPOH BARAT , BERCHAM,," BERCHAM,PERAK,MALAYSIA",,,," BERCHAM,PERAK,MALAYSIA",4.65173,101.1419185
PERAK,IPOH BARAT / KEPAYANG,IPOH BARAT , KEPAYANG,," KEPAYANG,PERAK,MALAYSIA",,,," KEPAYANG,PERAK,MALAYSIA",4.5353564,101.1304808
PERAK,IPOH BARAT / BUNTONG,IPOH BARAT , BUNTONG,," BUNTONG,PERAK,MALAYSIA",,,," BUNTONG,PERAK,MALAYSIA",4.5939503,101.0687495
PERAK,BATU GAJAH / JELAPANG,BATU GAJAH , JELAPANG,," JELAPANG,PERAK,MALAYSIA",,,," JELAPANG,PERAK,MALAYSIA",4.637225,101.0596849
PERAK,BATU GAJAH / MENGLEMBU,BATU GAJAH , MENGLEMBU,," MENGLEMBU,PERAK,MALAYSIA",,,," MENGLEMBU,PERAK,MALAYSIA",4.566191,101.0483201
PERAK,BATU GAJAH / TRONOH,BATU GAJAH , TRONOH,," TRONOH,PERAK,MALAYSIA",,,," TRONOH,PERAK,MALAYSIA",4.423069,100.993027
PERAK,KUALA KANGSAR / BUKIT CHANDAN,KUALA KANGSAR , BUKIT CHANDAN,," BUKIT CHANDAN,PERAK,MALAYSIA",,,," BUKIT CHANDAN,PERAK,MALAYSIA",4.7666667,100.95
PERAK,KUALA KANGSAR / MANONG,KUALA KANGSAR , MANONG,," MANONG,PERAK,MALAYSIA",,,," MANONG,PERAK,MALAYSIA",4.6085778,100.8998429
PERAK,BERUAS / PENGKALAN BAHARU,BERUAS , PENGKALAN BAHARU,," PENGKALAN BAHARU,PERAK,MALAYSIA",,,," PENGKALAN BAHARU,PERAK,MALAYSIA",4.4434143,100.6647101
PERAK,BERUAS / PANTAI REMIS,BERUAS , PANTAI REMIS,," PANTAI REMIS,PERAK,MALAYSIA",,,," PANTAI REMIS,PERAK,MALAYSIA",4.455588,100.629328
PERAK,BERUAS / ASTAKA,BERUAS , ASTAKA,," ASTAKA,PERAK,MALAYSIA",,,," ASTAKA,PERAK,MALAYSIA",4.2184344,100.6956438
PERAK,PARIT / BELANJA,PARIT , BELANJA,," BELANJA,PERAK,MALAYSIA",,,," BELANJA,PERAK,MALAYSIA",4.4600149,100.9128995
PERAK,PARIT / BOTA,PARIT , BOTA,," BOTA,PERAK,MALAYSIA",,,," BOTA,PERAK,MALAYSIA",4.3495995,100.9295946
PERAK,KAMPAR / MALIM NAWAR,KAMPAR , MALIM NAWAR,," MALIM NAWAR,PERAK,MALAYSIA",,,," MALIM NAWAR,PERAK,MALAYSIA",4.358036,101.1218569
PERAK,KAMPAR / KERANJI,KAMPAR , KERANJI,," KERANJI,PERAK,MALAYSIA",,,," KERANJI,PERAK,MALAYSIA",4.0003866,101.0175276
PERAK,KAMPAR / TUALANG SEKAH,KAMPAR , TUALANG SEKAH,," TUALANG SEKAH,PERAK,MALAYSIA",,,," TUALANG SEKAH,PERAK,MALAYSIA",4.363059,101.12782
PERAK,GOPENG / SUNGAI RAPAT,GOPENG , SUNGAI RAPAT,," SUNGAI RAPAT,PERAK,MALAYSIA",,,," SUNGAI RAPAT,PERAK,MALAYSIA",4.571847,101.108659
PERAK,GOPENG / SIMPANG PULAI,GOPENG , SIMPANG PULAI,," SIMPANG PULAI,PERAK,MALAYSIA",,,," SIMPANG PULAI,PERAK,MALAYSIA",4.528985,101.1292301
PERAK,GOPENG / TEJA,GOPENG , TEJA,," TEJA,PERAK,MALAYSIA",,,," TEJA,PERAK,MALAYSIA",4.4168165,101.0938079
PERAK,TAPAH / CHENDERIANG,TAPAH , CHENDERIANG,," CHENDERIANG,PERAK,MALAYSIA",,,," CHENDERIANG,PERAK,MALAYSIA",4.26417,101.2384058
PERAK,TAPAH / AYER KUNING,TAPAH , AYER KUNING,," AYER KUNING,PERAK,MALAYSIA",,,," AYER KUNING,PERAK,MALAYSIA",4.1953225,101.1430328
PERAK,PASIR SALAK / SUNGAI MANIK,PASIR SALAK , SUNGAI MANIK,," SUNGAI MANIK,PERAK,MALAYSIA",,,," SUNGAI MANIK,PERAK,MALAYSIA",4.0469106,101.060575
PERAK,PASIR SALAK / KAMPONG GAJAH,PASIR SALAK , KAMPONG GAJAH,," KAMPONG GAJAH,PERAK,MALAYSIA",,,," KAMPONG GAJAH,PERAK,MALAYSIA",4.18407,100.9389179
PERAK,LUMUT / PASIR PANJANG,LUMUT , PASIR PANJANG,," PASIR PANJANG,PERAK,MALAYSIA",,,," PASIR PANJANG,PERAK,MALAYSIA",4.181124,100.6944674
PERAK,LUMUT / PANGKOR,LUMUT , PANGKOR,," PANGKOR,PERAK,MALAYSIA",,,," PANGKOR,PERAK,MALAYSIA",4.2274912,100.5577407
PERAK,BAGAN DATUK / RUNGKUP,BAGAN DATUK , RUNGKUP,," RUNGKUP,PERAK,MALAYSIA",,,," RUNGKUP,PERAK,MALAYSIA",3.8877966,100.766163
PERAK,BAGAN DATUK / HUTAN MELINTANG,BAGAN DATUK , HUTAN MELINTANG,," HUTAN MELINTANG,PERAK,MALAYSIA",,,," HUTAN MELINTANG,PERAK,MALAYSIA",3.895691,100.936251
PERAK,TELOK INTAN / PASIR BEDAMAR,TELOK INTAN , PASIR BEDAMAR,," PASIR BEDAMAR,PERAK,MALAYSIA",,,," PASIR BEDAMAR,PERAK,MALAYSIA",4.0308789,101.0111331
PERAK,TELOK INTAN / CHANGKAT JONG,TELOK INTAN , CHANGKAT JONG,," CHANGKAT JONG,PERAK,MALAYSIA",,,," CHANGKAT JONG,PERAK,MALAYSIA",3.983414,101.1204
PERAK,TANJONG MALIM / SUNGKAI,TANJONG MALIM , SUNGKAI,," SUNGKAI,PERAK,MALAYSIA",,,," SUNGKAI,PERAK,MALAYSIA",3.998924,101.30845
PERAK,TANJONG MALIM / SLIM,TANJONG MALIM , SLIM,," SLIM,PERAK,MALAYSIA",,,," SLIM,PERAK,MALAYSIA",3.8683271,101.47935
PERAK,TANJONG MALIM / BEHRANG,TANJONG MALIM , BEHRANG,," BEHRANG,PERAK,MALAYSIA",,,," BEHRANG,PERAK,MALAYSIA",3.7455428,101.453366
PAHANG,CAMERON HIGHLANDS / TANAH RATA,CAMERON HIGHLANDS , TANAH RATA,," TANAH RATA,PAHANG,MALAYSIA",,,," TANAH RATA,PAHANG,MALAYSIA",4.470611,101.376639
PAHANG,CAMERON HIGHLANDS / JELAI,CAMERON HIGHLANDS , JELAI,," JELAI,PAHANG,MALAYSIA",,,," JELAI,PAHANG,MALAYSIA",5.0061869,100.8197553
PAHANG,LIPIS / PADANG TENGKU,LIPIS , PADANG TENGKU,," PADANG TENGKU,PAHANG,MALAYSIA",,,," PADANG TENGKU,PAHANG,MALAYSIA",4.233428,101.9907011
PAHANG,LIPIS / CHEKA,LIPIS , CHEKA,," CHEKA,PAHANG,MALAYSIA",,,," CHEKA,PAHANG,MALAYSIA",3.9588413,102.1404037
PAHANG,LIPIS / BENTA,LIPIS , BENTA,," BENTA,PAHANG,MALAYSIA",,,," BENTA,PAHANG,MALAYSIA",4.016837,101.9645161
PAHANG,RAUB / BATU TALAM,RAUB , BATU TALAM,," BATU TALAM,PAHANG,MALAYSIA",,,," BATU TALAM,PAHANG,MALAYSIA",3.964902,101.7909709
PAHANG,RAUB / TRAS,RAUB , TRAS,," TRAS,PAHANG,MALAYSIA",,,," TRAS,PAHANG,MALAYSIA",3.6662205,101.8301578
PAHANG,RAUB / DONG,RAUB , DONG,," DONG,PAHANG,MALAYSIA",,,," DONG,PAHANG,MALAYSIA",3.896212,101.8959941
PAHANG,JERANTUT / TAHAN,JERANTUT , TAHAN,," TAHAN,PAHANG,MALAYSIA",,,," TAHAN,PAHANG,MALAYSIA",4.6330079,102.234969
PAHANG,JERANTUT / DAMAK,JERANTUT , DAMAK,," DAMAK,PAHANG,MALAYSIA",,,," DAMAK,PAHANG,MALAYSIA",3.949544,102.2143849
PAHANG,JERANTUT / PULAU TAWAR,JERANTUT , PULAU TAWAR,," PULAU TAWAR,PAHANG,MALAYSIA",,,," PULAU TAWAR,PAHANG,MALAYSIA",3.9119118,102.4453397
PAHANG,INDERA MAHKOTA / BESERAH,INDERA MAHKOTA , BESERAH,," BESERAH,PAHANG,MALAYSIA",,,," BESERAH,PAHANG,MALAYSIA",3.8755879,103.3414022
PAHANG,INDERA MAHKOTA / SEMAMBU,INDERA MAHKOTA , SEMAMBU,," SEMAMBU,PAHANG,MALAYSIA",,,," SEMAMBU,PAHANG,MALAYSIA",3.871548,103.3311499
PAHANG,KUANTAN / TERUNTUM,KUANTAN , TERUNTUM,," TERUNTUM,PAHANG,MALAYSIA",,,," TERUNTUM,PAHANG,MALAYSIA",3.808854,103.368037
PAHANG,KUANTAN / TANJUNG LUMPUR,KUANTAN , TANJUNG LUMPUR,," TANJUNG LUMPUR,PAHANG,MALAYSIA",,,," TANJUNG LUMPUR,PAHANG,MALAYSIA",3.79757,103.3390569
PAHANG,KUANTAN / INDERAPURA,KUANTAN , INDERAPURA,," INDERAPURA,PAHANG,MALAYSIA",,,," INDERAPURA,PAHANG,MALAYSIA",3.935545,102.3733771
PAHANG,PAYA BESAR / SUNGAI LEMBING,PAYA BESAR , SUNGAI LEMBING,," SUNGAI LEMBING,PAHANG,MALAYSIA",,,," SUNGAI LEMBING,PAHANG,MALAYSIA",3.914618,103.0327402
PAHANG,PAYA BESAR / LEPAR,PAYA BESAR , LEPAR,," LEPAR,PAHANG,MALAYSIA",,,," LEPAR,PAHANG,MALAYSIA",3.5481045,103.0587399
PAHANG,PAYA BESAR / PANCHING,PAYA BESAR , PANCHING,," PANCHING,PAHANG,MALAYSIA",,,," PANCHING,PAHANG,MALAYSIA",3.8146211,103.1606441
PAHANG,PEKAN / PULAU MANIS,PEKAN , PULAU MANIS,," PULAU MANIS,PAHANG,MALAYSIA",,,," PULAU MANIS,PAHANG,MALAYSIA",3.5467786,103.1509672
PAHANG,PEKAN / PERAMU JAYA,PEKAN , PERAMU JAYA,," PERAMU JAYA,PAHANG,MALAYSIA",,,," PERAMU JAYA,PAHANG,MALAYSIA",3.5528221,103.3805373
PAHANG,PEKAN / BEBAR,PEKAN , BEBAR,," BEBAR,PAHANG,MALAYSIA",,,," BEBAR,PAHANG,MALAYSIA",3.249983,103.2663479
PAHANG,PEKAN / CHINI,PEKAN , CHINI,," CHINI,PAHANG,MALAYSIA",,,," CHINI,PAHANG,MALAYSIA",3.375844,102.9436222
PAHANG,MARAN / LUIT,MARAN , LUIT,," LUIT,PAHANG,MALAYSIA",,,," LUIT,PAHANG,MALAYSIA",3.6103906,102.8514837
PAHANG,MARAN / KUALA SENTUL,MARAN , KUALA SENTUL,," KUALA SENTUL,PAHANG,MALAYSIA",,,," KUALA SENTUL,PAHANG,MALAYSIA",3.649521,102.6927659
PAHANG,MARAN / CHENOR,MARAN , CHENOR,," CHENOR,PAHANG,MALAYSIA",,,," CHENOR,PAHANG,MALAYSIA",3.493743,102.5818499
PAHANG,KUALA KRAU / JENDERAK,KUALA KRAU , JENDERAK,," JENDERAK,PAHANG,MALAYSIA",,,," JENDERAK,PAHANG,MALAYSIA",3.697523,102.3005803
PAHANG,KUALA KRAU / KERDAU,KUALA KRAU , KERDAU,," KERDAU,PAHANG,MALAYSIA",,,," KERDAU,PAHANG,MALAYSIA",3.5680965,102.334934
PAHANG,KUALA KRAU / JENGKA,KUALA KRAU , JENGKA,," JENGKA,PAHANG,MALAYSIA",,,," JENGKA,PAHANG,MALAYSIA",3.768473,102.545392
PAHANG,TEMERLOH / MENTAKAB,TEMERLOH , MENTAKAB,," MENTAKAB,PAHANG,MALAYSIA",,,," MENTAKAB,PAHANG,MALAYSIA",3.484562,102.350255
PAHANG,TEMERLOH / LANCHANG,TEMERLOH , LANCHANG,," LANCHANG,PAHANG,MALAYSIA",,,," LANCHANG,PAHANG,MALAYSIA",3.497873,102.1910789
PAHANG,TEMERLOH / KUALA SEMANTAN,TEMERLOH , KUALA SEMANTAN,," KUALA SEMANTAN,PAHANG,MALAYSIA",,,," KUALA SEMANTAN,PAHANG,MALAYSIA",3.5918216,102.144045
PAHANG,BENTONG / BILUT,BENTONG , BILUT,," BILUT,PAHANG,MALAYSIA",,,," BILUT,PAHANG,MALAYSIA",3.6736987,101.9114765
PAHANG,BENTONG / KETARI,BENTONG , KETARI,," KETARI,PAHANG,MALAYSIA",,,," KETARI,PAHANG,MALAYSIA",3.5012387,101.9127001
PAHANG,BENTONG / SABAI,BENTONG , SABAI,," SABAI,PAHANG,MALAYSIA",,,," SABAI,PAHANG,MALAYSIA",3.3841748,102.026135
PAHANG,BENTONG / PELANGAI,BENTONG , PELANGAI,," PELANGAI,PAHANG,MALAYSIA",,,," PELANGAI,PAHANG,MALAYSIA",3.3029481,102.2090224
PAHANG,BERA / GUAI,BERA , GUAI,," GUAI,PAHANG,MALAYSIA",,,," GUAI,PAHANG,MALAYSIA",3.6761735,102.1263902
PAHANG,BERA / TRIANG,BERA , TRIANG,," TRIANG,PAHANG,MALAYSIA",,,," TRIANG,PAHANG,MALAYSIA",3.24761,102.4160519
PAHANG,BERA / KEMAYAN,BERA , KEMAYAN,," KEMAYAN,PAHANG,MALAYSIA",,,," KEMAYAN,PAHANG,MALAYSIA",3.135992,102.3701879
PAHANG,ROMPIN / BUKIT IBAM,ROMPIN , BUKIT IBAM,," BUKIT IBAM,PAHANG,MALAYSIA",,,," BUKIT IBAM,PAHANG,MALAYSIA",3.165515,102.97575
PAHANG,ROMPIN / MUADZAM SHAH,ROMPIN , MUADZAM SHAH,," MUADZAM SHAH,PAHANG,MALAYSIA",,,," MUADZAM SHAH,PAHANG,MALAYSIA",3.056192,103.0852249
PAHANG,ROMPIN / TIOMAN,ROMPIN , TIOMAN,," TIOMAN,PAHANG,MALAYSIA",,,," TIOMAN,PAHANG,MALAYSIA",2.7902494,104.1698463
SELANGOR,SABAK BERNAM / SUNGAI AIR TAWAR,SABAK BERNAM , SUNGAI AIR TAWAR,," SUNGAI AIR TAWAR,SELANGOR,MALAYSIA",,,," SUNGAI AIR TAWAR,SELANGOR,MALAYSIA",3.775584,100.8820721
SELANGOR,SABAK BERNAM / SABAK,SABAK BERNAM , SABAK,," SABAK,SELANGOR,MALAYSIA",,,," SABAK,SELANGOR,MALAYSIA",3.769601,100.9836551
SELANGOR,SUNGAI BESAR / SUNGAI PANJANG,SUNGAI BESAR , SUNGAI PANJANG,," SUNGAI PANJANG,SELANGOR,MALAYSIA",,,," SUNGAI PANJANG,SELANGOR,MALAYSIA",3.729181,101.090695
SELANGOR,SUNGAI BESAR / SEKINCHAN,SUNGAI BESAR , SEKINCHAN,," SEKINCHAN,SELANGOR,MALAYSIA",,,," SEKINCHAN,SELANGOR,MALAYSIA",3.5041472,101.1032892
SELANGOR,HULU SELANGOR / HULU BERNAM,HULU SELANGOR , HULU BERNAM,," HULU BERNAM,SELANGOR,MALAYSIA",,,," HULU BERNAM,SELANGOR,MALAYSIA",3.6492195,101.4566299
SELANGOR,HULU SELANGOR / KUALA KUBU BAHARU,HULU SELANGOR , KUALA KUBU BAHARU,," KUALA KUBU BAHARU,SELANGOR,MALAYSIA",,,," KUALA KUBU BAHARU,SELANGOR,MALAYSIA",3.558261,101.661697
SELANGOR,HULU SELANGOR / BATANG KALI,HULU SELANGOR , BATANG KALI,," BATANG KALI,SELANGOR,MALAYSIA",,,," BATANG KALI,SELANGOR,MALAYSIA",3.4601368,101.6550138
SELANGOR,TANJONG KARANG / SUNGAI BURONG,TANJONG KARANG , SUNGAI BURONG,," SUNGAI BURONG,SELANGOR,MALAYSIA",,,," SUNGAI BURONG,SELANGOR,MALAYSIA",3.4606548,101.1348419
SELANGOR,TANJONG KARANG / PERMATANG,TANJONG KARANG , PERMATANG,," PERMATANG,SELANGOR,MALAYSIA",,,," PERMATANG,SELANGOR,MALAYSIA",3.3840726,101.2183781
SELANGOR,KUALA SELANGOR / BUKIT MELAWATI,KUALA SELANGOR , BUKIT MELAWATI,," BUKIT MELAWATI,SELANGOR,MALAYSIA",,,," BUKIT MELAWATI,SELANGOR,MALAYSIA",3.34095,101.2486579
SELANGOR,KUALA SELANGOR / IJOK,KUALA SELANGOR , IJOK,," IJOK,SELANGOR,MALAYSIA",,,," IJOK,SELANGOR,MALAYSIA",3.320926,101.4142529
SELANGOR,KUALA SELANGOR / JERAM,KUALA SELANGOR , JERAM,," JERAM,SELANGOR,MALAYSIA",,,," JERAM,SELANGOR,MALAYSIA",3.232016,101.316218
SELANGOR,SELAYANG / KUANG,SELAYANG , KUANG,," KUANG,SELANGOR,MALAYSIA",,,," KUANG,SELANGOR,MALAYSIA",3.258793,101.5546471
SELANGOR,SELAYANG / RAWANG,SELAYANG , RAWANG,," RAWANG,SELANGOR,MALAYSIA",,,," RAWANG,SELANGOR,MALAYSIA",3.320482,101.5759238
SELANGOR,SELAYANG / TAMAN TEMPLER,SELAYANG , TAMAN TEMPLER,," TAMAN TEMPLER,SELANGOR,MALAYSIA",,,," TAMAN TEMPLER,SELANGOR,MALAYSIA",3.2863498,101.6423531
SELANGOR,GOMBAK / SUNGAI TUA,GOMBAK , SUNGAI TUA,," SUNGAI TUA,SELANGOR,MALAYSIA",,,," SUNGAI TUA,SELANGOR,MALAYSIA",3.2522761,101.6753793
SELANGOR,GOMBAK / GOMBAK SETIA,GOMBAK , GOMBAK SETIA,," GOMBAK SETIA,SELANGOR,MALAYSIA",,,," GOMBAK SETIA,SELANGOR,MALAYSIA",3.218217,101.7171169
SELANGOR,GOMBAK / HULU KELANG,GOMBAK , HULU KELANG,," HULU KELANG,SELANGOR,MALAYSIA",,,," HULU KELANG,SELANGOR,MALAYSIA",3.179095,101.773562
SELANGOR,AMPANG / BUKIT ANTARABANGSA,AMPANG , BUKIT ANTARABANGSA,," BUKIT ANTARABANGSA,SELANGOR,MALAYSIA",,,," BUKIT ANTARABANGSA,SELANGOR,MALAYSIA",3.186191,101.770358
SELANGOR,AMPANG / LEMBAH JAYA,AMPANG , LEMBAH JAYA,," LEMBAH JAYA,SELANGOR,MALAYSIA",,,," LEMBAH JAYA,SELANGOR,MALAYSIA",3.1387417,101.7872776
SELANGOR,PANDAN / PANDAN INDAH,PANDAN , PANDAN INDAH,," PANDAN INDAH,SELANGOR,MALAYSIA",,,," PANDAN INDAH,SELANGOR,MALAYSIA",3.133892,101.7516751
SELANGOR,PANDAN / TERATAI,PANDAN , TERATAI,," TERATAI,SELANGOR,MALAYSIA",,,," TERATAI,SELANGOR,MALAYSIA",3.006062,101.6055608
SELANGOR,HULU LANGAT / DUSUN TUA,HULU LANGAT , DUSUN TUA,," DUSUN TUA,SELANGOR,MALAYSIA",,,," DUSUN TUA,SELANGOR,MALAYSIA",3.1339098,101.8335811
SELANGOR,HULU LANGAT / SEMENYIH,HULU LANGAT , SEMENYIH,," SEMENYIH,SELANGOR,MALAYSIA",,,," SEMENYIH,SELANGOR,MALAYSIA",2.947441,101.8451441
SELANGOR,BANGI / KAJANG,BANGI , KAJANG,," KAJANG,SELANGOR,MALAYSIA",,,," KAJANG,SELANGOR,MALAYSIA",2.993518,101.7874058
SELANGOR,BANGI / SUNGAI RAMAL,BANGI , SUNGAI RAMAL,," SUNGAI RAMAL,SELANGOR,MALAYSIA",,,," SUNGAI RAMAL,SELANGOR,MALAYSIA",2.975831,101.7561398
SELANGOR,BANGI / BALAKONG,BANGI , BALAKONG,," BALAKONG,SELANGOR,MALAYSIA",,,," BALAKONG,SELANGOR,MALAYSIA",3.0256822,101.738147
SELANGOR,PUCHONG / SERI KEMBANGAN,PUCHONG , SERI KEMBANGAN,," SERI KEMBANGAN,SELANGOR,MALAYSIA",,,," SERI KEMBANGAN,SELANGOR,MALAYSIA",3.021998,101.7055411
SELANGOR,PUCHONG / SERI SERDANG,PUCHONG , SERI SERDANG,," SERI SERDANG,SELANGOR,MALAYSIA",,,," SERI SERDANG,SELANGOR,MALAYSIA",3.021998,101.7055411
SELANGOR,SUBANG / KINRARA,SUBANG , KINRARA,," KINRARA,SELANGOR,MALAYSIA",,,," KINRARA,SELANGOR,MALAYSIA",3.0506503,101.6402462
SELANGOR,SUBANG / SUBANG JAYA,SUBANG , SUBANG JAYA,," SUBANG JAYA,SELANGOR,MALAYSIA",,,," SUBANG JAYA,SELANGOR,MALAYSIA",3.0567333,101.5851192
SELANGOR,PETALING JAYA / SERI SETIA ,PETALING JAYA , SERI SETIA ,," SERI SETIA ,SELANGOR,MALAYSIA",,,," SERI SETIA ,SELANGOR,MALAYSIA",3.219417,101.7141998
SELANGOR,PETALING JAYA / TAMAN MEDAN ,PETALING JAYA , TAMAN MEDAN ,," TAMAN MEDAN ,SELANGOR,MALAYSIA",,,," TAMAN MEDAN ,SELANGOR,MALAYSIA",3.0732207,101.6372498
SELANGOR,PETALING JAYA / BUKIT GASING,PETALING JAYA , BUKIT GASING,," BUKIT GASING,SELANGOR,MALAYSIA",,,," BUKIT GASING,SELANGOR,MALAYSIA",3.100449,101.6540669
SELANGOR,DAMANSARA / KAMPUNG TUNKU,DAMANSARA , KAMPUNG TUNKU,," KAMPUNG TUNKU,SELANGOR,MALAYSIA",,,," KAMPUNG TUNKU,SELANGOR,MALAYSIA",3.101022,101.619162
SELANGOR,DAMANSARA / BANDAR UTAMA,DAMANSARA , BANDAR UTAMA,," BANDAR UTAMA,SELANGOR,MALAYSIA",,,," BANDAR UTAMA,SELANGOR,MALAYSIA",3.1467185,101.6119073
SELANGOR,DAMANSARA / BUKIT LANJAN,DAMANSARA , BUKIT LANJAN,," BUKIT LANJAN,SELANGOR,MALAYSIA",,,," BUKIT LANJAN,SELANGOR,MALAYSIA",3.1707884,101.6200436
SELANGOR,SUNGAI BULOH / PAYA JARAS,SUNGAI BULOH , PAYA JARAS,," PAYA JARAS,SELANGOR,MALAYSIA",,,," PAYA JARAS,SELANGOR,MALAYSIA",3.201735,101.5473128
SELANGOR,SUNGAI BULOH / KOTA DAMANSARA,SUNGAI BULOH , KOTA DAMANSARA,," KOTA DAMANSARA,SELANGOR,MALAYSIA",,,," KOTA DAMANSARA,SELANGOR,MALAYSIA",3.1622148,101.5869321
SELANGOR,SHAH ALAM / KOTA ANGGERIK,SHAH ALAM , KOTA ANGGERIK,," KOTA ANGGERIK,SELANGOR,MALAYSIA",,,," KOTA ANGGERIK,SELANGOR,MALAYSIA",3.110132,101.5456028
SELANGOR,SHAH ALAM / BATU TIGA,SHAH ALAM , BATU TIGA,," BATU TIGA,SELANGOR,MALAYSIA",,,," BATU TIGA,SELANGOR,MALAYSIA",3.077519,101.546811
SELANGOR,KAPAR / MERU,KAPAR , MERU,," MERU,SELANGOR,MALAYSIA",,,," MERU,SELANGOR,MALAYSIA",3.1334027,101.4410127
SELANGOR,KAPAR / SEMENTA,KAPAR , SEMENTA,," SEMENTA,SELANGOR,MALAYSIA",,,," SEMENTA,SELANGOR,MALAYSIA",3.0889947,101.3861864
SELANGOR,KAPAR / SELAT KLANG,KAPAR , SELAT KLANG,," SELAT KLANG,SELANGOR,MALAYSIA",,,," SELAT KLANG,SELANGOR,MALAYSIA",3.06254,101.47253
SELANGOR,KLANG / BANDAR BARU KLANG,KLANG , BANDAR BARU KLANG,," BANDAR BARU KLANG,SELANGOR,MALAYSIA",,,," BANDAR BARU KLANG,SELANGOR,MALAYSIA",2.976373,101.771514
SELANGOR,KLANG / PELABUHAN KLANG,KLANG , PELABUHAN KLANG,," PELABUHAN KLANG,SELANGOR,MALAYSIA",,,," PELABUHAN KLANG,SELANGOR,MALAYSIA",2.999852,101.39283
SELANGOR,KLANG / PANDAMARAN,KLANG , PANDAMARAN,," PANDAMARAN,SELANGOR,MALAYSIA",,,," PANDAMARAN,SELANGOR,MALAYSIA",3.0108692,101.4208187
SELANGOR,KOTA RAJA / SENTOSA,KOTA RAJA , SENTOSA,," SENTOSA,SELANGOR,MALAYSIA",,,," SENTOSA,SELANGOR,MALAYSIA",3.398464,101.5676399
SELANGOR,KOTA RAJA / SUNGAI KANDIS,KOTA RAJA , SUNGAI KANDIS,," SUNGAI KANDIS,SELANGOR,MALAYSIA",,,," SUNGAI KANDIS,SELANGOR,MALAYSIA",3.0339511,101.4886258
SELANGOR,KOTA RAJA / KOTA KEMUNING,KOTA RAJA , KOTA KEMUNING,," KOTA KEMUNING,SELANGOR,MALAYSIA",,,," KOTA KEMUNING,SELANGOR,MALAYSIA",2.992505,101.54146
SELANGOR,KUALA LANGAT / SIJANGKANG,KUALA LANGAT , SIJANGKANG,," SIJANGKANG,SELANGOR,MALAYSIA",,,," SIJANGKANG,SELANGOR,MALAYSIA",2.9360409,101.4600411
SELANGOR,KUALA LANGAT / BANTING,KUALA LANGAT , BANTING,," BANTING,SELANGOR,MALAYSIA",,,," BANTING,SELANGOR,MALAYSIA",2.812098,101.5025551
SELANGOR,KUALA LANGAT / MORIB,KUALA LANGAT , MORIB,," MORIB,SELANGOR,MALAYSIA",,,," MORIB,SELANGOR,MALAYSIA",2.7323667,101.4679893
SELANGOR,SEPANG / TANJONG SEPAT,SEPANG , TANJONG SEPAT,," TANJONG SEPAT,SELANGOR,MALAYSIA",,,," TANJONG SEPAT,SELANGOR,MALAYSIA",2.665308,101.5576981
SELANGOR,SEPANG / DENGKIL,SEPANG , DENGKIL,," DENGKIL,SELANGOR,MALAYSIA",,,," DENGKIL,SELANGOR,MALAYSIA",2.85939,101.6789782
SELANGOR,SEPANG / SUNGAI PELEK,SEPANG , SUNGAI PELEK,," SUNGAI PELEK,SELANGOR,MALAYSIA",,,," SUNGAI PELEK,SELANGOR,MALAYSIA",2.641609,101.71481
NEGERI SEMBILAN,JELEBU / CHENNAH,JELEBU , CHENNAH,," CHENNAH,NEGERI SEMBILAN,MALAYSIA",,,," CHENNAH,NEGERI SEMBILAN,MALAYSIA",3.088462,102.0790739
NEGERI SEMBILAN,JELEBU / PERTANG,JELEBU , PERTANG,," PERTANG,NEGERI SEMBILAN,MALAYSIA",,,," PERTANG,NEGERI SEMBILAN,MALAYSIA",2.968757,102.2319048
NEGERI SEMBILAN,JELEBU / SUNGAI LUI,JELEBU , SUNGAI LUI,," SUNGAI LUI,NEGERI SEMBILAN,MALAYSIA",,,," SUNGAI LUI,NEGERI SEMBILAN,MALAYSIA",3.0937877,102.429469
NEGERI SEMBILAN,JELEBU / KLAWANG,JELEBU , KLAWANG,," KLAWANG,NEGERI SEMBILAN,MALAYSIA",,,," KLAWANG,NEGERI SEMBILAN,MALAYSIA",2.938391,102.0690551
NEGERI SEMBILAN,JEMPOL / SERTING,JEMPOL , SERTING,," SERTING,NEGERI SEMBILAN,MALAYSIA",,,," SERTING,NEGERI SEMBILAN,MALAYSIA",2.821965,102.3507119
NEGERI SEMBILAN,JEMPOL / PALONG,JEMPOL , PALONG,," PALONG,NEGERI SEMBILAN,MALAYSIA",,,," PALONG,NEGERI SEMBILAN,MALAYSIA",2.7381986,102.6455185
NEGERI SEMBILAN,JEMPOL / JERAM PADANG,JEMPOL , JERAM PADANG,," JERAM PADANG,NEGERI SEMBILAN,MALAYSIA",,,," JERAM PADANG,NEGERI SEMBILAN,MALAYSIA",2.793968,102.349491
NEGERI SEMBILAN,JEMPOL / BAHAU,JEMPOL , BAHAU,," BAHAU,NEGERI SEMBILAN,MALAYSIA",,,," BAHAU,NEGERI SEMBILAN,MALAYSIA",2.809902,102.398351
NEGERI SEMBILAN,SEREMBAN / LENGGENG,SEREMBAN , LENGGENG,," LENGGENG,NEGERI SEMBILAN,MALAYSIA",,,," LENGGENG,NEGERI SEMBILAN,MALAYSIA",2.854852,101.942595
NEGERI SEMBILAN,SEREMBAN / NILAI,SEREMBAN , NILAI,," NILAI,NEGERI SEMBILAN,MALAYSIA",,,," NILAI,NEGERI SEMBILAN,MALAYSIA",2.802455,101.7988711
NEGERI SEMBILAN,SEREMBAN / LOBAK,SEREMBAN , LOBAK,," LOBAK,NEGERI SEMBILAN,MALAYSIA",,,," LOBAK,NEGERI SEMBILAN,MALAYSIA",2.731078,101.9253031
NEGERI SEMBILAN,SEREMBAN / TEMIANG,SEREMBAN , TEMIANG,," TEMIANG,NEGERI SEMBILAN,MALAYSIA",,,," TEMIANG,NEGERI SEMBILAN,MALAYSIA",2.7456768,101.9396564
NEGERI SEMBILAN,SEREMBAN / SIKAMAT,SEREMBAN , SIKAMAT,," SIKAMAT,NEGERI SEMBILAN,MALAYSIA",,,," SIKAMAT,NEGERI SEMBILAN,MALAYSIA",2.76086,101.991002
NEGERI SEMBILAN,SEREMBAN / AMPANGAN,SEREMBAN , AMPANGAN,," AMPANGAN,NEGERI SEMBILAN,MALAYSIA",,,," AMPANGAN,NEGERI SEMBILAN,MALAYSIA",2.70748,102.0147147
NEGERI SEMBILAN,KUALA PILAH / JUASSEH,KUALA PILAH , JUASSEH,," JUASSEH,NEGERI SEMBILAN,MALAYSIA",,,," JUASSEH,NEGERI SEMBILAN,MALAYSIA",2.784796,102.2998691
NEGERI SEMBILAN,KUALA PILAH / SERI MENANTI,KUALA PILAH , SERI MENANTI,," SERI MENANTI,NEGERI SEMBILAN,MALAYSIA",,,," SERI MENANTI,NEGERI SEMBILAN,MALAYSIA",2.697464,102.1584989
NEGERI SEMBILAN,KUALA PILAH / SENALING,KUALA PILAH , SENALING,," SENALING,NEGERI SEMBILAN,MALAYSIA",,,," SENALING,NEGERI SEMBILAN,MALAYSIA",2.7069358,102.2483544
NEGERI SEMBILAN,KUALA PILAH / PILAH,KUALA PILAH , PILAH,," PILAH,NEGERI SEMBILAN,MALAYSIA",,,," PILAH,NEGERI SEMBILAN,MALAYSIA",2.7004729,102.2261837
NEGERI SEMBILAN,KUALA PILAH / JOHOL,KUALA PILAH , JOHOL,," JOHOL,NEGERI SEMBILAN,MALAYSIA",,,," JOHOL,NEGERI SEMBILAN,MALAYSIA",2.644302,102.321198
NEGERI SEMBILAN,RASAH / LABU,RASAH , LABU,," LABU,NEGERI SEMBILAN,MALAYSIA",,,," LABU,NEGERI SEMBILAN,MALAYSIA",2.756273,101.8227679
NEGERI SEMBILAN,RASAH / BUKIT KEPAYANG,RASAH , BUKIT KEPAYANG,," BUKIT KEPAYANG,NEGERI SEMBILAN,MALAYSIA",,,," BUKIT KEPAYANG,NEGERI SEMBILAN,MALAYSIA",2.715371,101.90668
NEGERI SEMBILAN,RASAH / RAHANG,RASAH , RAHANG,," RAHANG,NEGERI SEMBILAN,MALAYSIA",,,," RAHANG,NEGERI SEMBILAN,MALAYSIA",2.7143,101.949156
NEGERI SEMBILAN,RASAH / MAMBAU,RASAH , MAMBAU,," MAMBAU,NEGERI SEMBILAN,MALAYSIA",,,," MAMBAU,NEGERI SEMBILAN,MALAYSIA",2.6749113,101.9241095
NEGERI SEMBILAN,RASAH / SEREMBAN JAYA,RASAH , SEREMBAN JAYA,," SEREMBAN JAYA,NEGERI SEMBILAN,MALAYSIA",,,," SEREMBAN JAYA,NEGERI SEMBILAN,MALAYSIA",2.6762649,101.9718996
NEGERI SEMBILAN,REMBAU / PAROI,REMBAU , PAROI,," PAROI,NEGERI SEMBILAN,MALAYSIA",,,," PAROI,NEGERI SEMBILAN,MALAYSIA",2.7259873,101.9777686
NEGERI SEMBILAN,REMBAU / CHEMBONG,REMBAU , CHEMBONG,," CHEMBONG,NEGERI SEMBILAN,MALAYSIA",,,," CHEMBONG,NEGERI SEMBILAN,MALAYSIA",2.62394,102.100396
NEGERI SEMBILAN,REMBAU / RANTAU,REMBAU , RANTAU,," RANTAU,NEGERI SEMBILAN,MALAYSIA",,,," RANTAU,NEGERI SEMBILAN,MALAYSIA",2.588941,101.9636798
NEGERI SEMBILAN,REMBAU / KOTA,REMBAU , KOTA,," KOTA,NEGERI SEMBILAN,MALAYSIA",,,," KOTA,NEGERI SEMBILAN,MALAYSIA",2.511501,102.170362
NEGERI SEMBILAN,PORT DICKSON / CHUAH,PORT DICKSON , CHUAH,," CHUAH,NEGERI SEMBILAN,MALAYSIA",,,," CHUAH,NEGERI SEMBILAN,MALAYSIA",2.6043766,101.7667031
NEGERI SEMBILAN,PORT DICKSON / LUKUT,PORT DICKSON , LUKUT,," LUKUT,NEGERI SEMBILAN,MALAYSIA",,,," LUKUT,NEGERI SEMBILAN,MALAYSIA",2.5780317,101.8402582
NEGERI SEMBILAN,PORT DICKSON / BAGAN PINANG,PORT DICKSON , BAGAN PINANG,," BAGAN PINANG,NEGERI SEMBILAN,MALAYSIA",,,," BAGAN PINANG,NEGERI SEMBILAN,MALAYSIA",2.511508,101.8305209
NEGERI SEMBILAN,PORT DICKSON / LINGGI,PORT DICKSON , LINGGI,," LINGGI,NEGERI SEMBILAN,MALAYSIA",,,," LINGGI,NEGERI SEMBILAN,MALAYSIA",2.486559,102.0099481
NEGERI SEMBILAN,PORT DICKSON / SRI TANJUNG,PORT DICKSON , SRI TANJUNG,," SRI TANJUNG,NEGERI SEMBILAN,MALAYSIA",,,," SRI TANJUNG,NEGERI SEMBILAN,MALAYSIA",2.5838018,102.6017201
NEGERI SEMBILAN,TAMPIN / GEMAS,TAMPIN , GEMAS,," GEMAS,NEGERI SEMBILAN,MALAYSIA",,,," GEMAS,NEGERI SEMBILAN,MALAYSIA",2.581593,102.612488
NEGERI SEMBILAN,TAMPIN / GEMENCHEH,TAMPIN , GEMENCHEH,," GEMENCHEH,NEGERI SEMBILAN,MALAYSIA",,,," GEMENCHEH,NEGERI SEMBILAN,MALAYSIA",2.532414,102.4018121
NEGERI SEMBILAN,TAMPIN / REPAH,TAMPIN , REPAH,," REPAH,NEGERI SEMBILAN,MALAYSIA",,,," REPAH,NEGERI SEMBILAN,MALAYSIA",2.5109718,102.2433477
MELAKA,MASJID TANAH / KUALA LINGGI,MASJID TANAH , KUALA LINGGI,," KUALA LINGGI,MELAKA,MALAYSIA",,,," KUALA LINGGI,MELAKA,MALAYSIA",2.3922242,101.9975866
MELAKA,MASJID TANAH / TANJUNG BIDARA,MASJID TANAH , TANJUNG BIDARA,," TANJUNG BIDARA,MELAKA,MALAYSIA",,,," TANJUNG BIDARA,MELAKA,MALAYSIA",2.292888,102.0875452
MELAKA,MASJID TANAH / AYER LIMAU,MASJID TANAH , AYER LIMAU,," AYER LIMAU,MELAKA,MALAYSIA",,,," AYER LIMAU,MELAKA,MALAYSIA",2.371265,102.116408
MELAKA,MASJID TANAH / LENDU,MASJID TANAH , LENDU,," LENDU,MELAKA,MALAYSIA",,,," LENDU,MELAKA,MALAYSIA",2.35724,102.1751809
MELAKA,MASJID TANAH / TABOH NANING,MASJID TANAH , TABOH NANING,," TABOH NANING,MELAKA,MALAYSIA",,,," TABOH NANING,MELAKA,MALAYSIA",2.467979,102.1804261
MELAKA,ALOR GAJAH / REMBIA,ALOR GAJAH , REMBIA,," REMBIA,MELAKA,MALAYSIA",,,," REMBIA,MELAKA,MALAYSIA",2.325815,102.2114329
MELAKA,ALOR GAJAH / GADEK,ALOR GAJAH , GADEK,," GADEK,MELAKA,MALAYSIA",,,," GADEK,MELAKA,MALAYSIA",2.3997399,102.2376261
MELAKA,ALOR GAJAH / MACHAP JAYA,ALOR GAJAH , MACHAP JAYA,," MACHAP JAYA,MELAKA,MALAYSIA",,,," MACHAP JAYA,MELAKA,MALAYSIA",2.2381667,102.2347654
MELAKA,ALOR GAJAH / DURIAN TUNGGAL,ALOR GAJAH , DURIAN TUNGGAL,," DURIAN TUNGGAL,MELAKA,MALAYSIA",,,," DURIAN TUNGGAL,MELAKA,MALAYSIA",2.312369,102.2819191
MELAKA,ALOR GAJAH / ASAHAN,ALOR GAJAH , ASAHAN,," ASAHAN,MELAKA,MALAYSIA",,,," ASAHAN,MELAKA,MALAYSIA",2.3342111,102.506319
MELAKA,TANGGA BATU / SUNGAI UDANG,TANGGA BATU , SUNGAI UDANG,," SUNGAI UDANG,MELAKA,MALAYSIA",,,," SUNGAI UDANG,MELAKA,MALAYSIA",2.291521,102.1328888
MELAKA,TANGGA BATU / PANTAI KUNDOR,TANGGA BATU , PANTAI KUNDOR,," PANTAI KUNDOR,MELAKA,MALAYSIA",,,," PANTAI KUNDOR,MELAKA,MALAYSIA",2.2322222,102.1458333
MELAKA,TANGGA BATU / PAYA RUMPUT,TANGGA BATU , PAYA RUMPUT,," PAYA RUMPUT,MELAKA,MALAYSIA",,,," PAYA RUMPUT,MELAKA,MALAYSIA",2.278909,102.1477291
MELAKA,TANGGA BATU / KELEBANG,TANGGA BATU , KELEBANG,," KELEBANG,MELAKA,MALAYSIA",,,," KELEBANG,MELAKA,MALAYSIA",2.2045692,102.2233233
MELAKA,HANG TUAH JAYA / PENGKALAN BATU,HANG TUAH JAYA , PENGKALAN BATU,," PENGKALAN BATU,MELAKA,MALAYSIA",,,," PENGKALAN BATU,MELAKA,MALAYSIA",2.2324941,102.267511
MELAKA,HANG TUAH JAYA / AYER KEROH,HANG TUAH JAYA , AYER KEROH,," AYER KEROH,MELAKA,MALAYSIA",,,," AYER KEROH,MELAKA,MALAYSIA",2.269908,102.2944891
MELAKA,HANG TUAH JAYA / BUKIT KATIL,HANG TUAH JAYA , BUKIT KATIL,," BUKIT KATIL,MELAKA,MALAYSIA",,,," BUKIT KATIL,MELAKA,MALAYSIA",2.2280058,102.297718
MELAKA,HANG TUAH JAYA / AYER MOLEK,HANG TUAH JAYA , AYER MOLEK,," AYER MOLEK,MELAKA,MALAYSIA",,,," AYER MOLEK,MELAKA,MALAYSIA",2.206281,102.3063052
MELAKA,KOTA MELAKA / KESIDANG,KOTA MELAKA , KESIDANG,," KESIDANG,MELAKA,MALAYSIA",,,," KESIDANG,MELAKA,MALAYSIA",2.2164945,102.2343891
MELAKA,KOTA MELAKA / KOTA LAKSAMANA,KOTA MELAKA , KOTA LAKSAMANA,," KOTA LAKSAMANA,MELAKA,MALAYSIA",,,," KOTA LAKSAMANA,MELAKA,MALAYSIA",2.195227,102.2421409
MELAKA,KOTA MELAKA / DUYONG,KOTA MELAKA , DUYONG,," DUYONG,MELAKA,MALAYSIA",,,," DUYONG,MELAKA,MALAYSIA",2.2039478,102.297718
MELAKA,KOTA MELAKA / BANDAR HILIR,KOTA MELAKA , BANDAR HILIR,," BANDAR HILIR,MELAKA,MALAYSIA",,,," BANDAR HILIR,MELAKA,MALAYSIA",2.192572,102.250454
MELAKA,KOTA MELAKA / TELOK MAS,KOTA MELAKA , TELOK MAS,," TELOK MAS,MELAKA,MALAYSIA",,,," TELOK MAS,MELAKA,MALAYSIA",2.1700523,102.3263446
MELAKA,JASIN / BEMBAN,JASIN , BEMBAN,," BEMBAN,MELAKA,MALAYSIA",,,," BEMBAN,MELAKA,MALAYSIA",2.26766,102.3770441
MELAKA,JASIN / RIM,JASIN , RIM,," RIM,MELAKA,MALAYSIA",,,," RIM,MELAKA,MALAYSIA",2.3155845,102.4724537
MELAKA,JASIN / SERKAM,JASIN , SERKAM,," SERKAM,MELAKA,MALAYSIA",,,," SERKAM,MELAKA,MALAYSIA",2.139498,102.3766178
MELAKA,JASIN / MERLIMAU,JASIN , MERLIMAU,," MERLIMAU,MELAKA,MALAYSIA",,,," MERLIMAU,MELAKA,MALAYSIA",2.145214,102.4223828
MELAKA,JASIN / SUNGAI RAMBAI,JASIN , SUNGAI RAMBAI,," SUNGAI RAMBAI,MELAKA,MALAYSIA",,,," SUNGAI RAMBAI,MELAKA,MALAYSIA",2.12589,102.4905611
JOHOR,SEGAMAT / BULOH KASAP,SEGAMAT , BULOH KASAP,," BULOH KASAP,JOHOR,MALAYSIA",,,," BULOH KASAP,JOHOR,MALAYSIA",2.5474105,102.7826022
JOHOR,SEGAMAT / JEMENTAH,SEGAMAT , JEMENTAH,," JEMENTAH,JOHOR,MALAYSIA",,,," JEMENTAH,JOHOR,MALAYSIA",2.440059,102.6851551
JOHOR,SEKIJANG / PEMANIS,SEKIJANG , PEMANIS,," PEMANIS,JOHOR,MALAYSIA",,,," PEMANIS,JOHOR,MALAYSIA",2.5957045,102.8969407
JOHOR,SEKIJANG / KEMELAH,SEKIJANG , KEMELAH,," KEMELAH,JOHOR,MALAYSIA",,,," KEMELAH,JOHOR,MALAYSIA",2.5229952,102.9541864
JOHOR,LABIS / TENANG,LABIS , TENANG,," TENANG,JOHOR,MALAYSIA",,,," TENANG,JOHOR,MALAYSIA",2.465114,102.959842
JOHOR,LABIS / BEKOK,LABIS , BEKOK,," BEKOK,JOHOR,MALAYSIA",,,," BEKOK,JOHOR,MALAYSIA",2.2959688,103.1305096
JOHOR,PAGOH / BUKIT KEPONG,PAGOH , BUKIT KEPONG,," BUKIT KEPONG,JOHOR,MALAYSIA",,,," BUKIT KEPONG,JOHOR,MALAYSIA",2.346861,102.8285309
JOHOR,PAGOH / BUKIT PASIR,PAGOH , BUKIT PASIR,," BUKIT PASIR,JOHOR,MALAYSIA",,,," BUKIT PASIR,JOHOR,MALAYSIA",2.1013592,102.6376601
JOHOR,LEDANG / GAMBIR,LEDANG , GAMBIR,," GAMBIR,JOHOR,MALAYSIA",,,," GAMBIR,JOHOR,MALAYSIA",2.215757,102.6591586
JOHOR,LEDANG / TANGKAK,LEDANG , TANGKAK,," TANGKAK,JOHOR,MALAYSIA",,,," TANGKAK,JOHOR,MALAYSIA",2.271093,102.5419882
JOHOR,LEDANG / SEROM,LEDANG , SEROM,," SEROM,JOHOR,MALAYSIA",,,," SEROM,JOHOR,MALAYSIA",2.1893863,102.5986597
JOHOR,BAKRI / BENTAYAN,BAKRI , BENTAYAN,," BENTAYAN,JOHOR,MALAYSIA",,,," BENTAYAN,JOHOR,MALAYSIA",2.0497725,102.5725611
JOHOR,BAKRI / SIMPANG JERAM,BAKRI , SIMPANG JERAM,," SIMPANG JERAM,JOHOR,MALAYSIA",,,," SIMPANG JERAM,JOHOR,MALAYSIA",2.047263,102.6241049
JOHOR,BAKRI / BUKIT NANING,BAKRI , BUKIT NANING,," BUKIT NANING,JOHOR,MALAYSIA",,,," BUKIT NANING,JOHOR,MALAYSIA",2.030983,102.7567091
JOHOR,MUAR / MAHARANI,MUAR , MAHARANI,," MAHARANI,JOHOR,MALAYSIA",,,," MAHARANI,JOHOR,MALAYSIA",2.0630519,102.5848717
JOHOR,MUAR / SUNGAI BALANG,MUAR , SUNGAI BALANG,," SUNGAI BALANG,JOHOR,MALAYSIA",,,," SUNGAI BALANG,JOHOR,MALAYSIA",1.9105526,102.7479899
JOHOR,PARIT SULONG / SEMERAH,PARIT SULONG , SEMERAH,," SEMERAH,JOHOR,MALAYSIA",,,," SEMERAH,JOHOR,MALAYSIA",1.882671,102.7831709
JOHOR,PARIT SULONG / SRI MEDAN,PARIT SULONG , SRI MEDAN,," SRI MEDAN,JOHOR,MALAYSIA",,,," SRI MEDAN,JOHOR,MALAYSIA",2.0054961,102.9316443
JOHOR,AYER HITAM / YONG PENG,AYER HITAM , YONG PENG,," YONG PENG,JOHOR,MALAYSIA",,,," YONG PENG,JOHOR,MALAYSIA",2.01196,103.0581698
JOHOR,AYER HITAM / SEMARANG,AYER HITAM , SEMARANG,," SEMARANG,JOHOR,MALAYSIA",,,," SEMARANG,JOHOR,MALAYSIA",2.01196,103.0581698
JOHOR,SRI GADING / PARIT YAANI,SRI GADING , PARIT YAANI,," PARIT YAANI,JOHOR,MALAYSIA",,,," PARIT YAANI,JOHOR,MALAYSIA",1.9578102,103.0279108
JOHOR,SRI GADING / PARIT RAJA,SRI GADING , PARIT RAJA,," PARIT RAJA,JOHOR,MALAYSIA",,,," PARIT RAJA,JOHOR,MALAYSIA",1.863472,103.1088661
JOHOR,BATU PAHAT / PENGGARAM,BATU PAHAT , PENGGARAM,," PENGGARAM,JOHOR,MALAYSIA",,,," PENGGARAM,JOHOR,MALAYSIA",1.849442,102.9288341
JOHOR,BATU PAHAT / SENGGARANG,BATU PAHAT , SENGGARANG,," SENGGARANG,JOHOR,MALAYSIA",,,," SENGGARANG,JOHOR,MALAYSIA",1.7351179,103.067011
JOHOR,BATU PAHAT / RENGIT,BATU PAHAT , RENGIT,," RENGIT,JOHOR,MALAYSIA",,,," RENGIT,JOHOR,MALAYSIA",1.680604,103.143884
JOHOR,SIMPANG RENGGAM / MACHAP,SIMPANG RENGGAM , MACHAP,," MACHAP,JOHOR,MALAYSIA",,,," MACHAP,JOHOR,MALAYSIA",1.8401507,103.2432632
JOHOR,SIMPANG RENGGAM / LAYANG-LAYANG,SIMPANG RENGGAM , LAYANG-LAYANG,," LAYANG-LAYANG,JOHOR,MALAYSIA",,,," LAYANG-LAYANG,JOHOR,MALAYSIA",1.814534,103.4762461
JOHOR,KLUANG / MENGKIBOL,KLUANG , MENGKIBOL,," MENGKIBOL,JOHOR,MALAYSIA",,,," MENGKIBOL,JOHOR,MALAYSIA",1.9938485,103.3213532
JOHOR,KLUANG / MAHKOTA,KLUANG , MAHKOTA,," MAHKOTA,JOHOR,MALAYSIA",,,," MAHKOTA,JOHOR,MALAYSIA",1.5102563,103.7138852
JOHOR,SEMBRONG / PALOH,SEMBRONG , PALOH,," PALOH,JOHOR,MALAYSIA",,,," PALOH,JOHOR,MALAYSIA",2.186109,103.1959519
JOHOR,SEMBRONG / KAHANG,SEMBRONG , KAHANG,," KAHANG,JOHOR,MALAYSIA",,,," KAHANG,JOHOR,MALAYSIA",2.2445004,103.58182
JOHOR,MERSING / ENDAU,MERSING , ENDAU,," ENDAU,JOHOR,MALAYSIA",,,," ENDAU,JOHOR,MALAYSIA",2.652231,103.6225411
JOHOR,MERSING / TENGGAROH,MERSING , TENGGAROH,," TENGGAROH,JOHOR,MALAYSIA",,,," TENGGAROH,JOHOR,MALAYSIA",2.1005765,103.98402
JOHOR,TENGGARA / PANTI,TENGGARA , PANTI,," PANTI,JOHOR,MALAYSIA",,,," PANTI,JOHOR,MALAYSIA",1.8344444,103.9005556
JOHOR,TENGGARA / PASIR RAJA,TENGGARA , PASIR RAJA,," PASIR RAJA,JOHOR,MALAYSIA",,,," PASIR RAJA,JOHOR,MALAYSIA",1.761519,103.685071
JOHOR,KOTA TINGGI / SEDILI,KOTA TINGGI , SEDILI,," SEDILI,JOHOR,MALAYSIA",,,," SEDILI,JOHOR,MALAYSIA",1.928058,104.1106129
JOHOR,KOTA TINGGI / JOHOR LAMA,KOTA TINGGI , JOHOR LAMA,," JOHOR LAMA,JOHOR,MALAYSIA",,,," JOHOR LAMA,JOHOR,MALAYSIA",1.57355,104.022144
JOHOR,PENGERANG / PENAWAR,PENGERANG , PENAWAR,," PENAWAR,JOHOR,MALAYSIA",,,," PENAWAR,JOHOR,MALAYSIA",1.5646399,104.2451393
JOHOR,PENGERANG / TANJUNG SURAT,PENGERANG , TANJUNG SURAT,," TANJUNG SURAT,JOHOR,MALAYSIA",,,," TANJUNG SURAT,JOHOR,MALAYSIA",1.5875899,104.1466046
JOHOR,TEBRAU / TIRAM,TEBRAU , TIRAM,," TIRAM,JOHOR,MALAYSIA",,,," TIRAM,JOHOR,MALAYSIA",1.597369,103.815095
JOHOR,TEBRAU / PUTERI WANGSA,TEBRAU , PUTERI WANGSA,," PUTERI WANGSA,JOHOR,MALAYSIA",,,," PUTERI WANGSA,JOHOR,MALAYSIA",1.589887,103.8025688
JOHOR,PASIR GUDANG / JOHOR JAYA,PASIR GUDANG , JOHOR JAYA,," JOHOR JAYA,JOHOR,MALAYSIA",,,," JOHOR JAYA,JOHOR,MALAYSIA",1.535573,103.7978201
JOHOR,PASIR GUDANG / PERMAS,PASIR GUDANG , PERMAS,," PERMAS,JOHOR,MALAYSIA",,,," PERMAS,JOHOR,MALAYSIA",1.502289,103.822303
JOHOR,JOHOR BAHRU / LARKIN,JOHOR BAHRU , LARKIN,," LARKIN,JOHOR,MALAYSIA",,,," LARKIN,JOHOR,MALAYSIA",1.4915057,103.7347091
JOHOR,JOHOR BAHRU / STULANG,JOHOR BAHRU , STULANG,," STULANG,JOHOR,MALAYSIA",,,," STULANG,JOHOR,MALAYSIA",1.467042,103.7770459
JOHOR,PULAI / PERLING,PULAI , PERLING,," PERLING,JOHOR,MALAYSIA",,,," PERLING,JOHOR,MALAYSIA",1.481217,103.6827079
JOHOR,PULAI / KEMPAS,PULAI , KEMPAS,," KEMPAS,JOHOR,MALAYSIA",,,," KEMPAS,JOHOR,MALAYSIA",1.544818,103.6949999
JOHOR,ISKANDAR PUTERI / SKUDAI,ISKANDAR PUTERI , SKUDAI,," SKUDAI,JOHOR,MALAYSIA",,,," SKUDAI,JOHOR,MALAYSIA",1.5343616,103.6594267
JOHOR,ISKANDAR PUTERI / KOTA ISKANDAR,ISKANDAR PUTERI , KOTA ISKANDAR,," KOTA ISKANDAR,JOHOR,MALAYSIA",,,," KOTA ISKANDAR,JOHOR,MALAYSIA",1.422245,103.648257
JOHOR,KULAI / BUKIT PERMAI,KULAI , BUKIT PERMAI,," BUKIT PERMAI,JOHOR,MALAYSIA",,,," BUKIT PERMAI,JOHOR,MALAYSIA",1.7760703,103.5307039
JOHOR,KULAI / BUKIT BATU,KULAI , BUKIT BATU,," BUKIT BATU,JOHOR,MALAYSIA",,,," BUKIT BATU,JOHOR,MALAYSIA",1.733035,103.4408401
JOHOR,KULAI / SENAI,KULAI , SENAI,," SENAI,JOHOR,MALAYSIA",,,," SENAI,JOHOR,MALAYSIA",1.602031,103.6443791
JOHOR,PONTIAN / BENUT,PONTIAN , BENUT,," BENUT,JOHOR,MALAYSIA",,,," BENUT,JOHOR,MALAYSIA",1.64572,103.258557
JOHOR,PONTIAN / PULAI SEBATANG,PONTIAN , PULAI SEBATANG,," PULAI SEBATANG,JOHOR,MALAYSIA",,,," PULAI SEBATANG,JOHOR,MALAYSIA",1.566495,103.3527049
JOHOR,TANJUNG PIAI / PEKAN NANAS,TANJUNG PIAI , PEKAN NANAS,," PEKAN NANAS,JOHOR,MALAYSIA",,,," PEKAN NANAS,JOHOR,MALAYSIA",1.507599,103.512533
JOHOR,TANJUNG PIAI / KUKUP,TANJUNG PIAI , KUKUP,," KUKUP,JOHOR,MALAYSIA",,,," KUKUP,JOHOR,MALAYSIA",1.32687,103.4460022
SABAH,KUDAT / BANGGI,KUDAT , BANGGI,," BANGGI,SABAH,MALAYSIA",,,," BANGGI,SABAH,MALAYSIA",7.2672596,117.1500048
SABAH,KUDAT / TANJONG KAPOR,KUDAT , TANJONG KAPOR,," TANJONG KAPOR,SABAH,MALAYSIA",,,," TANJONG KAPOR,SABAH,MALAYSIA",4.5161443,118.5364958
SABAH,KUDAT / PITAS,KUDAT , PITAS,," PITAS,SABAH,MALAYSIA",,,," PITAS,SABAH,MALAYSIA",6.722237,117.055273
SABAH,KOTA MARUDU / MATUNGGONG,KOTA MARUDU , MATUNGGONG,," MATUNGGONG,SABAH,MALAYSIA",,,," MATUNGGONG,SABAH,MALAYSIA",6.531161,116.846703
SABAH,KOTA MARUDU / TANDEK,KOTA MARUDU , TANDEK,," TANDEK,SABAH,MALAYSIA",,,," TANDEK,SABAH,MALAYSIA",6.531161,116.846703
SABAH,KOTA BELUD / TEMPASUK,KOTA BELUD , TEMPASUK,," TEMPASUK,SABAH,MALAYSIA",,,," TEMPASUK,SABAH,MALAYSIA",6.3750419,116.4591338
SABAH,KOTA BELUD / KADAMAIAN,KOTA BELUD , KADAMAIAN,," KADAMAIAN,SABAH,MALAYSIA",,,," KADAMAIAN,SABAH,MALAYSIA",6.2343619,116.4506122
SABAH,KOTA BELUD / USUKAN,KOTA BELUD , USUKAN,," USUKAN,SABAH,MALAYSIA",,,," USUKAN,SABAH,MALAYSIA",6.3983546,116.3323237
SABAH,TUARAN / TAMPARULI,TUARAN , TAMPARULI,," TAMPARULI,SABAH,MALAYSIA",,,," TAMPARULI,SABAH,MALAYSIA",6.1342129,116.2663829
SABAH,TUARAN / SULAMAN,TUARAN , SULAMAN,," SULAMAN,SABAH,MALAYSIA",,,," SULAMAN,SABAH,MALAYSIA",6.1047582,116.1669546
SABAH,TUARAN / KIULU,TUARAN , KIULU,," KIULU,SABAH,MALAYSIA",,,," KIULU,SABAH,MALAYSIA",6.0991372,116.2743719
SABAH,SEPANGGAR / KARAMBUNAI,SEPANGGAR , KARAMBUNAI,," KARAMBUNAI,SABAH,MALAYSIA",,,," KARAMBUNAI,SABAH,MALAYSIA",6.1200983,116.1212153
SABAH,SEPANGGAR / INANAM,SEPANGGAR , INANAM,," INANAM,SABAH,MALAYSIA",,,," INANAM,SABAH,MALAYSIA",5.9932765,116.1322502
SABAH,KOTA KINABALU / LIKAS,KOTA KINABALU , LIKAS,," LIKAS,SABAH,MALAYSIA",,,," LIKAS,SABAH,MALAYSIA",5.995982,116.1115942
SABAH,KOTA KINABALU / API-API,KOTA KINABALU , API-API,," API-API,SABAH,MALAYSIA",,,," API-API,SABAH,MALAYSIA",5.9763844,116.0703476
SABAH,KOTA KINABALU / LUYANG,KOTA KINABALU , LUYANG,," LUYANG,SABAH,MALAYSIA",,,," LUYANG,SABAH,MALAYSIA",5.946312,116.091058
SABAH,PUTATAN / TANJONG ARU,PUTATAN , TANJONG ARU,," TANJONG ARU,SABAH,MALAYSIA",,,," TANJONG ARU,SABAH,MALAYSIA",5.953403,116.0549989
SABAH,PUTATAN / PETAGAS,PUTATAN , PETAGAS,," PETAGAS,SABAH,MALAYSIA",,,," PETAGAS,SABAH,MALAYSIA",5.914058,116.0504392
SABAH,PENAMPANG / KAPAYAN,PENAMPANG , KAPAYAN,," KAPAYAN,SABAH,MALAYSIA",,,," KAPAYAN,SABAH,MALAYSIA",5.923679,116.0656769
SABAH,PENAMPANG / MOYOG,PENAMPANG , MOYOG,," MOYOG,SABAH,MALAYSIA",,,," MOYOG,SABAH,MALAYSIA",5.888188,116.2353784
SABAH,PAPAR / KAWANG,PAPAR , KAWANG,," KAWANG,SABAH,MALAYSIA",,,," KAWANG,SABAH,MALAYSIA",5.7736114,116.0245477
SABAH,PAPAR / PANTAI MANIS,PAPAR , PANTAI MANIS,," PANTAI MANIS,SABAH,MALAYSIA",,,," PANTAI MANIS,SABAH,MALAYSIA",5.7398781,115.9035235
SABAH,KIMANIS / BONGAWAN,KIMANIS , BONGAWAN,," BONGAWAN,SABAH,MALAYSIA",,,," BONGAWAN,SABAH,MALAYSIA",5.489161,115.8100077
SABAH,KIMANIS / MEMBAKUT,KIMANIS , MEMBAKUT,," MEMBAKUT,SABAH,MALAYSIA",,,," MEMBAKUT,SABAH,MALAYSIA",5.5264766,115.6966003
SABAH,BEAUFORT / KLIAS,BEAUFORT , KLIAS,," KLIAS,SABAH,MALAYSIA",,,," KLIAS,SABAH,MALAYSIA",5.3401359,115.425959
SABAH,BEAUFORT / KUALA PENYU,BEAUFORT , KUALA PENYU,," KUALA PENYU,SABAH,MALAYSIA",,,," KUALA PENYU,SABAH,MALAYSIA",5.571717,115.5971459
SABAH,SIPITANG / LUMADAN,SIPITANG , LUMADAN,," LUMADAN,SABAH,MALAYSIA",,,," LUMADAN,SABAH,MALAYSIA",5.272375,115.679199
SABAH,SIPITANG / SINDUMIN,SIPITANG , SINDUMIN,," SINDUMIN,SABAH,MALAYSIA",,,," SINDUMIN,SABAH,MALAYSIA",4.987916,115.5270949
SABAH,RANAU / KUNDASANG,RANAU , KUNDASANG,," KUNDASANG,SABAH,MALAYSIA",,,," KUNDASANG,SABAH,MALAYSIA",5.986033,116.5783072
SABAH,RANAU / KARANAAN,RANAU , KARANAAN,," KARANAAN,SABAH,MALAYSIA",,,," KARANAAN,SABAH,MALAYSIA",5.9311901,116.5382942
SABAH,RANAU / PAGINATAN,RANAU , PAGINATAN,," PAGINATAN,SABAH,MALAYSIA",,,," PAGINATAN,SABAH,MALAYSIA",5.7681425,116.8224901
SABAH,KENINGAU / TAMBUNAN,KENINGAU , TAMBUNAN,," TAMBUNAN,SABAH,MALAYSIA",,,," TAMBUNAN,SABAH,MALAYSIA",5.721291,116.410779
SABAH,KENINGAU / BINGKOR,KENINGAU , BINGKOR,," BINGKOR,SABAH,MALAYSIA",,,," BINGKOR,SABAH,MALAYSIA",5.398628,116.2032671
SABAH,KENINGAU / LIAWAN,KENINGAU , LIAWAN,," LIAWAN,SABAH,MALAYSIA",,,," LIAWAN,SABAH,MALAYSIA",5.3443941,116.1634307
SABAH,TENOM / MELALAP,TENOM , MELALAP,," MELALAP,SABAH,MALAYSIA",,,," MELALAP,SABAH,MALAYSIA",5.263499,116.0027482
SABAH,TENOM / KEMABONG,TENOM , KEMABONG,," KEMABONG,SABAH,MALAYSIA",,,," KEMABONG,SABAH,MALAYSIA",4.9111233,115.9253952
SABAH,PENSIANGAN / SOOK,PENSIANGAN , SOOK,," SOOK,SABAH,MALAYSIA",,,," SOOK,SABAH,MALAYSIA",5.1465576,116.3035409
SABAH,PENSIANGAN / NABAWAN,PENSIANGAN , NABAWAN,," NABAWAN,SABAH,MALAYSIA",,,," NABAWAN,SABAH,MALAYSIA",5.0397906,116.4261945
SABAH,BELURAN / SUGUT,BELURAN , SUGUT,," SUGUT,SABAH,MALAYSIA",,,," SUGUT,SABAH,MALAYSIA",6.1796693,117.290626
SABAH,BELURAN / LABUK,BELURAN , LABUK,," LABUK,SABAH,MALAYSIA",,,," LABUK,SABAH,MALAYSIA",5.9316478,117.4879352
SABAH,LIBARAN / GUM-GUM,LIBARAN , GUM-GUM,," GUM-GUM,SABAH,MALAYSIA",,,," GUM-GUM,SABAH,MALAYSIA",5.8993513,117.9240279
SABAH,LIBARAN / SUNGAI SIBUGA,LIBARAN , SUNGAI SIBUGA,," SUNGAI SIBUGA,SABAH,MALAYSIA",,,," SUNGAI SIBUGA,SABAH,MALAYSIA",5.8844313,118.0428509
SABAH,BATU SAPI / SEKONG,BATU SAPI , SEKONG,," SEKONG,SABAH,MALAYSIA",,,," SEKONG,SABAH,MALAYSIA",5.5623167,117.9765367
SABAH,BATU SAPI / KARAMUNTING,BATU SAPI , KARAMUNTING,," KARAMUNTING,SABAH,MALAYSIA",,,," KARAMUNTING,SABAH,MALAYSIA",5.8107731,118.0749448
SABAH,SANDAKAN / ELOPURA,SANDAKAN , ELOPURA,," ELOPURA,SABAH,MALAYSIA",,,," ELOPURA,SABAH,MALAYSIA",5.839444,118.1171729
SABAH,SANDAKAN / TANJONG PAPAT,SANDAKAN , TANJONG PAPAT,," TANJONG PAPAT,SABAH,MALAYSIA",,,," TANJONG PAPAT,SABAH,MALAYSIA",5.735189,115.9335754
SABAH,KINABATANGAN / KUAMUT,KINABATANGAN , KUAMUT,," KUAMUT,SABAH,MALAYSIA",,,," KUAMUT,SABAH,MALAYSIA",5.0770226,117.4086262
SABAH,KINABATANGAN / SUKAU,KINABATANGAN , SUKAU,," SUKAU,SABAH,MALAYSIA",,,," SUKAU,SABAH,MALAYSIA",5.528086,118.304497
SABAH,SILAM / TUNGKU,SILAM , TUNGKU,," TUNGKU,SABAH,MALAYSIA",,,," TUNGKU,SABAH,MALAYSIA",5.024214,118.871684
SABAH,SILAM / LAHAD DATU,SILAM , LAHAD DATU,," LAHAD DATU,SABAH,MALAYSIA",,,," LAHAD DATU,SABAH,MALAYSIA",5.024206,118.3307461
SABAH,SILAM / KUNAK,SILAM , KUNAK,," KUNAK,SABAH,MALAYSIA",,,," KUNAK,SABAH,MALAYSIA",4.686116,118.2511462
SABAH,SEMPORNA / SULABAYAN,SEMPORNA , SULABAYAN,," SULABAYAN,SABAH,MALAYSIA",,,," SULABAYAN,SABAH,MALAYSIA",4.436335,118.5318421
SABAH,SEMPORNA / SENALLANG,SEMPORNA , SENALLANG,," SENALLANG,SABAH,MALAYSIA",,,," SENALLANG,SABAH,MALAYSIA",4.49343,118.556653
SABAH,SEMPORNA / BUGAYA,SEMPORNA , BUGAYA,," BUGAYA,SABAH,MALAYSIA",,,," BUGAYA,SABAH,MALAYSIA",4.49343,118.556653
SABAH,TAWAU / BALUNG,TAWAU , BALUNG,," BALUNG,SABAH,MALAYSIA",,,," BALUNG,SABAH,MALAYSIA",4.4398212,118.0418787
SABAH,TAWAU / APAS,TAWAU , APAS,," APAS,SABAH,MALAYSIA",,,," APAS,SABAH,MALAYSIA",4.2515777,117.9018706
SABAH,TAWAU / SRI TANJONG,TAWAU , SRI TANJONG,," SRI TANJONG,SABAH,MALAYSIA",,,," SRI TANJONG,SABAH,MALAYSIA",5.9881399,116.078669
SABAH,KALABAKAN / MEROTAI,KALABAKAN , MEROTAI,," MEROTAI,SABAH,MALAYSIA",,,," MEROTAI,SABAH,MALAYSIA",4.4196403,117.7724438
SABAH,KALABAKAN / TANJONG BATU,KALABAKAN , TANJONG BATU,," TANJONG BATU,SABAH,MALAYSIA",,,," TANJONG BATU,SABAH,MALAYSIA",4.2626028,117.8783464
SABAH,KALABAKAN / SEBATIK,KALABAKAN , SEBATIK,," SEBATIK,SABAH,MALAYSIA",,,," SEBATIK,SABAH,MALAYSIA",4.1480899,117.784246
SABAH,LABUAN,LABUAN,LABUAN,,"LABUAN,W. P LABUAN,MALAYSIA",,,,"LABUAN,W. P LABUAN,MALAYSIA",5.2831456,115.230825
WILAYAH PERSEKUTUAN,KEPONG,KEPONG,KEPONG,,"KEPONG,W. P KUALA LUMPUR,MALAYSIA",,,,"KEPONG,W. P KUALA LUMPUR,MALAYSIA",3.213966,101.6355931
WILAYAH PERSEKUTUAN,BATU,BATU,BATU,,"BATU,W. P KUALA LUMPUR,MALAYSIA",,,,"BATU,W. P KUALA LUMPUR,MALAYSIA",3.139003,101.686855
WILAYAH PERSEKUTUAN,WANGSA MAJU,WANGSA MAJU,WANGSA MAJU,,"WANGSA MAJU,W. P KUALA LUMPUR,MALAYSIA",,,,"WANGSA MAJU,W. P KUALA LUMPUR,MALAYSIA",3.203764,101.7367351
WILAYAH PERSEKUTUAN,SEGAMBUT,SEGAMBUT,SEGAMBUT,,"SEGAMBUT,W. P KUALA LUMPUR,MALAYSIA",,,,"SEGAMBUT,W. P KUALA LUMPUR,MALAYSIA",3.191726,101.6733869
WILAYAH PERSEKUTUAN,SETIAWANGSA,SETIAWANGSA,SETIAWANGSA,,"SETIAWANGSA,W. P KUALA LUMPUR,MALAYSIA",,,,"SETIAWANGSA,W. P KUALA LUMPUR,MALAYSIA",3.1830052,101.74618
WILAYAH PERSEKUTUAN,TITIWANGSA,TITIWANGSA,TITIWANGSA,,"TITIWANGSA,W. P KUALA LUMPUR,MALAYSIA",,,,"TITIWANGSA,W. P KUALA LUMPUR,MALAYSIA",3.177383,101.707655
WILAYAH PERSEKUTUAN,BUKIT BINTANG,BUKIT BINTANG,BUKIT BINTANG,,"BUKIT BINTANG,W. P KUALA LUMPUR,MALAYSIA",,,,"BUKIT BINTANG,W. P KUALA LUMPUR,MALAYSIA",3.1467855,101.7113043
WILAYAH PERSEKUTUAN,LEMBAH PANTAI,LEMBAH PANTAI,LEMBAH PANTAI,,"LEMBAH PANTAI,W. P KUALA LUMPUR,MALAYSIA",,,,"LEMBAH PANTAI,W. P KUALA LUMPUR,MALAYSIA",3.1063754,101.6701251
WILAYAH PERSEKUTUAN,SEPUTEH,SEPUTEH,SEPUTEH,,"SEPUTEH,W. P KUALA LUMPUR,MALAYSIA",,,,"SEPUTEH,W. P KUALA LUMPUR,MALAYSIA",3.115004,101.679651
WILAYAH PERSEKUTUAN,CHERAS,CHERAS,CHERAS,,"CHERAS,W. P KUALA LUMPUR,MALAYSIA",,,,"CHERAS,W. P KUALA LUMPUR,MALAYSIA",3.1068447,101.7259197
WILAYAH PERSEKUTUAN,BANDAR TUN RAZAK,BANDAR TUN RAZAK,BANDAR TUN RAZAK,,"BANDAR TUN RAZAK,W. P KUALA LUMPUR,MALAYSIA",,,,"BANDAR TUN RAZAK,W. P KUALA LUMPUR,MALAYSIA",3.091953,101.7210971
WILAYAH PERSEKUTUAN,PUTRAJAYA,PUTRAJAYA,PUTRAJAYA,,"PUTRAJAYA,W. P PUTRAJAYA,MALAYSIA",,,,"PUTRAJAYA,W. P PUTRAJAYA,MALAYSIA",2.926361,101.696445
SARAWAK,MAS GADING / OPAR,MAS GADING , OPAR,," OPAR,SARAWAK,MALAYSIA",,,," OPAR,SARAWAK,MALAYSIA",1.4138885,110.1510551
SARAWAK,MAS GADING / TASIK BIRU,MAS GADING , TASIK BIRU,," TASIK BIRU,SARAWAK,MALAYSIA",,,," TASIK BIRU,SARAWAK,MALAYSIA",1.4138885,110.1510551
SARAWAK,SANTUBONG / TANJONG DATU,SANTUBONG , TANJONG DATU,," TANJONG DATU,SARAWAK,MALAYSIA",,,," TANJONG DATU,SARAWAK,MALAYSIA",1.5680832,110.3312983
SARAWAK,SANTUBONG / PANTAI DAMAI,SANTUBONG , PANTAI DAMAI,," PANTAI DAMAI,SARAWAK,MALAYSIA",,,," PANTAI DAMAI,SARAWAK,MALAYSIA",1.7500777,110.3148915
SARAWAK,SANTUBONG / DEMAK LAUT,SANTUBONG , DEMAK LAUT,," DEMAK LAUT,SARAWAK,MALAYSIA",,,," DEMAK LAUT,SARAWAK,MALAYSIA",1.5929139,110.4074806
SARAWAK,PETRA JAYA / TUPONG,PETRA JAYA , TUPONG,," TUPONG,SARAWAK,MALAYSIA",,,," TUPONG,SARAWAK,MALAYSIA",1.5661936,110.3369504
SARAWAK,PETRA JAYA / SAMARIANG,PETRA JAYA , SAMARIANG,," SAMARIANG,SARAWAK,MALAYSIA",,,," SAMARIANG,SARAWAK,MALAYSIA",1.632515,110.3343419
SARAWAK,PETRA JAYA / SATOK,PETRA JAYA , SATOK,," SATOK,SARAWAK,MALAYSIA",,,," SATOK,SARAWAK,MALAYSIA",1.5532292,110.3341297
SARAWAK,BANDAR KUCHING / PADUNGAN,BANDAR KUCHING , PADUNGAN,," PADUNGAN,SARAWAK,MALAYSIA",,,," PADUNGAN,SARAWAK,MALAYSIA",1.552631,110.3607525
SARAWAK,BANDAR KUCHING / PENDING,BANDAR KUCHING , PENDING,," PENDING,SARAWAK,MALAYSIA",,,," PENDING,SARAWAK,MALAYSIA",1.6076812,110.3785438
SARAWAK,BANDAR KUCHING / BATU LINTANG,BANDAR KUCHING , BATU LINTANG,," BATU LINTANG,SARAWAK,MALAYSIA",,,," BATU LINTANG,SARAWAK,MALAYSIA",1.534198,110.3447318
SARAWAK,STAMPIN / KOTA SENTOSA,STAMPIN , KOTA SENTOSA,," KOTA SENTOSA,SARAWAK,MALAYSIA",,,," KOTA SENTOSA,SARAWAK,MALAYSIA",1.469816,110.3315929
SARAWAK,STAMPIN / BATU KITANG,STAMPIN , BATU KITANG,," BATU KITANG,SARAWAK,MALAYSIA",,,," BATU KITANG,SARAWAK,MALAYSIA",1.433333,110.266667
SARAWAK,STAMPIN / BATU KAWAH,STAMPIN , BATU KAWAH,," BATU KAWAH,SARAWAK,MALAYSIA",,,," BATU KAWAH,SARAWAK,MALAYSIA",1.5142561,110.3271579
SARAWAK,KOTA SAMARAHAN / ASAJAYA,KOTA SAMARAHAN , ASAJAYA,," ASAJAYA,SARAWAK,MALAYSIA",,,," ASAJAYA,SARAWAK,MALAYSIA",1.5460485,110.5184843
SARAWAK,KOTA SAMARAHAN / MUARA TUANG,KOTA SAMARAHAN , MUARA TUANG,," MUARA TUANG,SARAWAK,MALAYSIA",,,," MUARA TUANG,SARAWAK,MALAYSIA",1.459522,110.490601
SARAWAK,KOTA SAMARAHAN / STAKAN,KOTA SAMARAHAN , STAKAN,," STAKAN,SARAWAK,MALAYSIA",,,," STAKAN,SARAWAK,MALAYSIA",1.4612833,110.3478674
SARAWAK,PUNCAK BORNEO / SEREMBU,PUNCAK BORNEO , SEREMBU,," SEREMBU,SARAWAK,MALAYSIA",,,," SEREMBU,SARAWAK,MALAYSIA",1.473761,110.328696
SARAWAK,PUNCAK BORNEO / MAMBONG,PUNCAK BORNEO , MAMBONG,," MAMBONG,SARAWAK,MALAYSIA",,,," MAMBONG,SARAWAK,MALAYSIA",1.473761,110.328696
SARAWAK,PUNCAK BORNEO / TARAT,PUNCAK BORNEO , TARAT,," TARAT,SARAWAK,MALAYSIA",,,," TARAT,SARAWAK,MALAYSIA",1.202571,110.518529
SARAWAK,SERIAN / TEBEDU,SERIAN , TEBEDU,," TEBEDU,SARAWAK,MALAYSIA",,,," TEBEDU,SARAWAK,MALAYSIA",1.016517,110.3575601
SARAWAK,SERIAN / KEDUP,SERIAN , KEDUP,," KEDUP,SARAWAK,MALAYSIA",,,," KEDUP,SARAWAK,MALAYSIA",1.016517,110.3575601
SARAWAK,SERIAN / BUKIT SEMUJA,SERIAN , BUKIT SEMUJA,," BUKIT SEMUJA,SARAWAK,MALAYSIA",,,," BUKIT SEMUJA,SARAWAK,MALAYSIA",1.016517,110.3575601
SARAWAK,BATANG SADONG / SADONG JAYA,BATANG SADONG , SADONG JAYA,," SADONG JAYA,SARAWAK,MALAYSIA",,,," SADONG JAYA,SARAWAK,MALAYSIA",1.4471155,110.6896048
SARAWAK,BATANG SADONG / SIMUNJAN,BATANG SADONG , SIMUNJAN,," SIMUNJAN,SARAWAK,MALAYSIA",,,," SIMUNJAN,SARAWAK,MALAYSIA",1.2405774,110.6923232
SARAWAK,BATANG SADONG / GEDONG,BATANG SADONG , GEDONG,," GEDONG,SARAWAK,MALAYSIA",,,," GEDONG,SARAWAK,MALAYSIA",1.269686,110.655977
SARAWAK,BATANG LUPAR / SEBUYAU,BATANG LUPAR , SEBUYAU,," SEBUYAU,SARAWAK,MALAYSIA",,,," SEBUYAU,SARAWAK,MALAYSIA",1.5171348,110.9340788
SARAWAK,BATANG LUPAR / LINGGA,BATANG LUPAR , LINGGA,," LINGGA,SARAWAK,MALAYSIA",,,," LINGGA,SARAWAK,MALAYSIA",1.354659,111.1701952
SARAWAK,BATANG LUPAR / BETING MARO,BATANG LUPAR , BETING MARO,," BETING MARO,SARAWAK,MALAYSIA",,,," BETING MARO,SARAWAK,MALAYSIA",1.85,111.05
SARAWAK,SRI AMAN / BALAI RINGIN,SRI AMAN , BALAI RINGIN,," BALAI RINGIN,SARAWAK,MALAYSIA",,,," BALAI RINGIN,SARAWAK,MALAYSIA",1.0473753,110.7494843
SARAWAK,SRI AMAN / BUKIT BEGUNAN,SRI AMAN , BUKIT BEGUNAN,," BUKIT BEGUNAN,SARAWAK,MALAYSIA",,,," BUKIT BEGUNAN,SARAWAK,MALAYSIA",1.1166667,111.2
SARAWAK,SRI AMAN / SIMANGGANG,SRI AMAN , SIMANGGANG,," SIMANGGANG,SARAWAK,MALAYSIA",,,," SIMANGGANG,SARAWAK,MALAYSIA",1.237031,111.462079
SARAWAK,LUBOK ANTU / ENGKILILI,LUBOK ANTU , ENGKILILI,," ENGKILILI,SARAWAK,MALAYSIA",,,," ENGKILILI,SARAWAK,MALAYSIA",1.138464,111.6662591
SARAWAK,LUBOK ANTU / BATANG AI,LUBOK ANTU , BATANG AI,," BATANG AI,SARAWAK,MALAYSIA",,,," BATANG AI,SARAWAK,MALAYSIA",1.2075679,112.0126118
SARAWAK,BETONG / SARIBAS,BETONG , SARIBAS,," SARIBAS,SARAWAK,MALAYSIA",,,," SARIBAS,SARAWAK,MALAYSIA",1.4111226,111.5276423
SARAWAK,BETONG / LAYAR,BETONG , LAYAR,," LAYAR,SARAWAK,MALAYSIA",,,," LAYAR,SARAWAK,MALAYSIA",1.5170323,111.5998262
SARAWAK,BETONG / BUKIT SABAN,BETONG , BUKIT SABAN,," BUKIT SABAN,SARAWAK,MALAYSIA",,,," BUKIT SABAN,SARAWAK,MALAYSIA",1.543539,111.534458
SARAWAK,SARATOK / KALAKA,SARATOK , KALAKA,," KALAKA,SARAWAK,MALAYSIA",,,," KALAKA,SARAWAK,MALAYSIA",1.7618795,111.3448969
SARAWAK,SARATOK / KRIAN,SARATOK , KRIAN,," KRIAN,SARAWAK,MALAYSIA",,,," KRIAN,SARAWAK,MALAYSIA",1.7704572,111.3143185
SARAWAK,SARATOK / KABONG,SARATOK , KABONG,," KABONG,SARAWAK,MALAYSIA",,,," KABONG,SARAWAK,MALAYSIA",1.8040279,111.1190129
SARAWAK,TANJONG MANIS / KUALA RAJANG,TANJONG MANIS , KUALA RAJANG,," KUALA RAJANG,SARAWAK,MALAYSIA",,,," KUALA RAJANG,SARAWAK,MALAYSIA",2.154008,111.25
SARAWAK,TANJONG MANIS / SEMOP,TANJONG MANIS , SEMOP,," SEMOP,SARAWAK,MALAYSIA",,,," SEMOP,SARAWAK,MALAYSIA",2.4138199,111.4025487
SARAWAK,IGAN / DARO,IGAN , DARO,," DARO,SARAWAK,MALAYSIA",,,," DARO,SARAWAK,MALAYSIA",2.527996,111.417057
SARAWAK,IGAN / JEMORENG,IGAN , JEMORENG,," JEMORENG,SARAWAK,MALAYSIA",,,," JEMORENG,SARAWAK,MALAYSIA",2.527996,111.417057
SARAWAK,SARIKEI / REPOK,SARIKEI , REPOK,," REPOK,SARAWAK,MALAYSIA",,,," REPOK,SARAWAK,MALAYSIA",2.097069,111.523806
SARAWAK,SARIKEI / MERADONG,SARIKEI , MERADONG,," MERADONG,SARAWAK,MALAYSIA",,,," MERADONG,SARAWAK,MALAYSIA",2.102612,111.7137694
SARAWAK,JULAU / PAKAN,JULAU , PAKAN,," PAKAN,SARAWAK,MALAYSIA",,,," PAKAN,SARAWAK,MALAYSIA",1.8108212,111.7137694
SARAWAK,JULAU / MELUAN,JULAU , MELUAN,," MELUAN,SARAWAK,MALAYSIA",,,," MELUAN,SARAWAK,MALAYSIA",1.865223,111.920097
SARAWAK,KANOWIT / NGEMAH,KANOWIT , NGEMAH,," NGEMAH,SARAWAK,MALAYSIA",,,," NGEMAH,SARAWAK,MALAYSIA",2.016667,112.4
SARAWAK,KANOWIT / MACHAN,KANOWIT , MACHAN,," MACHAN,SARAWAK,MALAYSIA",,,," MACHAN,SARAWAK,MALAYSIA",2.082037,112.0223761
SARAWAK,LANANG / BUKIT ASSEK,LANANG , BUKIT ASSEK,," BUKIT ASSEK,SARAWAK,MALAYSIA",,,," BUKIT ASSEK,SARAWAK,MALAYSIA",2.2887709,111.8351368
SARAWAK,LANANG / DUDONG,LANANG , DUDONG,," DUDONG,SARAWAK,MALAYSIA",,,," DUDONG,SARAWAK,MALAYSIA",2.2005351,111.9745508
SARAWAK,SIBU / BAWANG ASSAN,SIBU , BAWANG ASSAN,," BAWANG ASSAN,SARAWAK,MALAYSIA",,,," BAWANG ASSAN,SARAWAK,MALAYSIA",2.3000334,111.6845213
SARAWAK,SIBU / PELAWAN,SIBU , PELAWAN,," PELAWAN,SARAWAK,MALAYSIA",,,," PELAWAN,SARAWAK,MALAYSIA",2.3000334,111.6845213
SARAWAK,SIBU / NANGKA,SIBU , NANGKA,," NANGKA,SARAWAK,MALAYSIA",,,," NANGKA,SARAWAK,MALAYSIA",2.3174543,111.83513
SARAWAK,MUKAH / DALAT,MUKAH , DALAT,," DALAT,SARAWAK,MALAYSIA",,,," DALAT,SARAWAK,MALAYSIA",2.738395,111.9388601
SARAWAK,MUKAH / TELLIAN,MUKAH , TELLIAN,," TELLIAN,SARAWAK,MALAYSIA",,,," TELLIAN,SARAWAK,MALAYSIA",2.8793078,112.1028866
SARAWAK,MUKAH / BALINGIAN,MUKAH , BALINGIAN,," BALINGIAN,SARAWAK,MALAYSIA",,,," BALINGIAN,SARAWAK,MALAYSIA",2.930869,112.5395359
SARAWAK,SELANGAU / TAMIN,SELANGAU , TAMIN,," TAMIN,SARAWAK,MALAYSIA",,,," TAMIN,SARAWAK,MALAYSIA",2.7011354,113.6524714
SARAWAK,SELANGAU / KAKUS,SELANGAU , KAKUS,," KAKUS,SARAWAK,MALAYSIA",,,," KAKUS,SARAWAK,MALAYSIA",2.7011354,113.6524714
SARAWAK,KAPIT / PELAGUS,KAPIT , PELAGUS,," PELAGUS,SARAWAK,MALAYSIA",,,," PELAGUS,SARAWAK,MALAYSIA",2.1991287,113.0657733
SARAWAK,KAPIT / KATIBAS,KAPIT , KATIBAS,," KATIBAS,SARAWAK,MALAYSIA",,,," KATIBAS,SARAWAK,MALAYSIA",1.7937833,112.429126
SARAWAK,KAPIT / BUKIT GORAM,KAPIT , BUKIT GORAM,," BUKIT GORAM,SARAWAK,MALAYSIA",,,," BUKIT GORAM,SARAWAK,MALAYSIA",1.9,112.85
SARAWAK,HULU RAJANG / BALEH,HULU RAJANG , BALEH,," BALEH,SARAWAK,MALAYSIA",,,," BALEH,SARAWAK,MALAYSIA",3.2991285,115.4378036
SARAWAK,HULU RAJANG / BELAGA,HULU RAJANG , BELAGA,," BELAGA,SARAWAK,MALAYSIA",,,," BELAGA,SARAWAK,MALAYSIA",2.7050035,113.7822214
SARAWAK,HULU RAJANG / MURUM,HULU RAJANG , MURUM,," MURUM,SARAWAK,MALAYSIA",,,," MURUM,SARAWAK,MALAYSIA",2.649186,114.367475
SARAWAK,BINTULU / JEPAK,BINTULU , JEPAK,," JEPAK,SARAWAK,MALAYSIA",,,," JEPAK,SARAWAK,MALAYSIA",3.1600502,113.0499031
SARAWAK,BINTULU / TANJONG BATU,BINTULU , TANJONG BATU,," TANJONG BATU,SARAWAK,MALAYSIA",,,," TANJONG BATU,SARAWAK,MALAYSIA",3.2107152,113.0464293
SARAWAK,BINTULU / KEMENA,BINTULU , KEMENA,," KEMENA,SARAWAK,MALAYSIA",,,," KEMENA,SARAWAK,MALAYSIA",3.1412927,113.2036907
SARAWAK,BINTULU / SAMALAJU,BINTULU , SAMALAJU,," SAMALAJU,SARAWAK,MALAYSIA",,,," SAMALAJU,SARAWAK,MALAYSIA",3.5369308,113.2954703
SARAWAK,SIBUTI / BEKENU,SIBUTI , BEKENU,," BEKENU,SARAWAK,MALAYSIA",,,," BEKENU,SARAWAK,MALAYSIA",4.058185,113.8441928
SARAWAK,SIBUTI / LAMBIR,SIBUTI , LAMBIR,," LAMBIR,SARAWAK,MALAYSIA",,,," LAMBIR,SARAWAK,MALAYSIA",4.198371,114.042873
SARAWAK,MIRI / PIASAU,MIRI , PIASAU,," PIASAU,SARAWAK,MALAYSIA",,,," PIASAU,SARAWAK,MALAYSIA",4.432425,114.0089062
SARAWAK,MIRI / PUJUT,MIRI , PUJUT,," PUJUT,SARAWAK,MALAYSIA",,,," PUJUT,SARAWAK,MALAYSIA",4.4251332,114.0163929
SARAWAK,MIRI / SENADIN,MIRI , SENADIN,," SENADIN,SARAWAK,MALAYSIA",,,," SENADIN,SARAWAK,MALAYSIA",4.4804372,114.0054333
SARAWAK,BARAM / MARUDI,BARAM , MARUDI,," MARUDI,SARAWAK,MALAYSIA",,,," MARUDI,SARAWAK,MALAYSIA",3.7034858,114.524264
SARAWAK,BARAM / TELANG USAN,BARAM , TELANG USAN,," TELANG USAN,SARAWAK,MALAYSIA",,,," TELANG USAN,SARAWAK,MALAYSIA",1.553947,110.35117
SARAWAK,BARAM / MULU,BARAM , MULU,," MULU,SARAWAK,MALAYSIA",,,," MULU,SARAWAK,MALAYSIA",4.09207,114.8958021
SARAWAK,LIMBANG / BUKIT KOTA,LIMBANG , BUKIT KOTA,," BUKIT KOTA,SARAWAK,MALAYSIA",,,," BUKIT KOTA,SARAWAK,MALAYSIA",2.0833333,112.2
SARAWAK,LIMBANG / BATU DANAU,LIMBANG , BATU DANAU,," BATU DANAU,SARAWAK,MALAYSIA",,,," BATU DANAU,SARAWAK,MALAYSIA",1.0989624,111.6979229
SARAWAK,LAWAS / BA'KELALAN,LAWAS , BA'KELALAN,," BA'KELALAN,SARAWAK,MALAYSIA",,,," BA'KELALAN,SARAWAK,MALAYSIA",4.0088668,115.609553
SARAWAK,LAWAS / BUKIT SARI,LAWAS , BUKIT SARI,," BUKIT SARI,SARAWAK,MALAYSIA",,,," BUKIT SARI,SARAWAK,MALAYSIA",2.0666667,111.4333333